Date,Open,High,Low,Close
2015-01-01T00:00:00.000Z,101.3595256,102.1531974,98.81872318,100.00
2015-01-02T00:00:00.000Z,99.91372688,101.8685554,98.79383536,100.2177971
2015-01-03T00:00:00.000Z,100.2527517,101.540197,88.74424969,89.37693382
2015-01-04T00:00:00.000Z,89.24794591,91.16557626,79.87096308,82.2132309
2015-01-05T00:00:00.000Z,82.34837665,88.31895199,81.57868763,86.22890778
2015-01-06T00:00:00.000Z,86.25636078,90.94569536,84.74044273,89.64254896
2015-01-07T00:00:00.000Z,89.69671002,95.24831713,87.82715118,93.64201808
2015-01-08T00:00:00.000Z,92.51353925,93.69412214,87.39545539,88.77823179
2015-01-09T00:00:00.000Z,88.57877706,93.36214323,86.69086919,92.31179323
2015-01-10T00:00:00.000Z,91.94917796,92.65499009,82.62621807,83.90103175
2015-01-11T00:00:00.000Z,83.87512287,86.26780643,80.53069158,81.54887284
2015-01-12T00:00:00.000Z,81.58868128,83.96348416,79.85569333,81.62903848
2015-01-13T00:00:00.000Z,81.52259252,86.54684028,66.92909531,70.03900384
2015-01-14T00:00:00.000Z,69.12693284,75.88120166,54.70837183,57.72048299
2015-01-15T00:00:00.000Z,57.45795513,72.67148844,56.49892472,67.43440356
2015-01-16T00:00:00.000Z,67.25126087,71.51775174,63.82779859,66.70107225
2015-01-17T00:00:00.000Z,66.60514721,67.90774028,61.47644637,63.12334315
2015-01-18T00:00:00.000Z,63.34284064,69.04496958,61.47436669,66.18337983
2015-01-19T00:00:00.000Z,66.45385167,68.99768947,64.5486214,67.13265663
2015-01-20T00:00:00.000Z,66.63818805,68.18249982,64.27570865,66.61927116
2015-01-21T00:00:00.000Z,66.63788447,71.95750561,65.820596,71.07137063
2015-01-22T00:00:00.000Z,71.06102782,74.5613488,69.7984192,72.62614341
2015-01-23T00:00:00.000Z,72.62061288,73.70714927,69.58710749,72.29050731
2015-01-24T00:00:00.000Z,72.22664748,78.15827786,71.03625143,77.36035477
2015-01-25T00:00:00.000Z,77.2043313,81.79344196,74.90734496,79.60995927
2015-01-26T00:00:00.000Z,79.69329069,92.71097042,77.24810146,81.39472595
2015-01-27T00:00:00.000Z,81.2922381,83.21163974,74.48236363,79.30703745
2015-01-28T00:00:00.000Z,79.24960587,81.25076847,69.4369762,71.63920355
2015-01-29T00:00:00.000Z,71.58114611,74.2232418,67.59946838,71.15973125
2015-01-30T00:00:00.000Z,70.97081983,74.10001961,68.66580167,69.1876419
2015-01-31T00:00:00.000Z,69.20355594,72.41303335,66.57240686,67.30848974
2015-02-01T00:00:00.000Z,67.37429008,70.89733662,64.79238039,69.13351607
2015-02-02T00:00:00.000Z,69.03607649,72.77334577,66.85888945,71.07732372
2015-02-03T00:00:00.000Z,70.95405414,73.29449097,66.71229507,67.6654091
2015-02-04T00:00:00.000Z,67.7099209,69.5084513,65.65539977,68.20529779
2015-02-05T00:00:00.000Z,68.31591208,71.53957215,64.67609391,66.48915356
2015-02-06T00:00:00.000Z,66.53694304,70.63134939,65.79063982,68.03359387
2015-02-07T00:00:00.000Z,68.10180426,70.45558899,67.01724729,68.73198539
2015-02-08T00:00:00.000Z,68.78246718,69.61593821,66.55898554,67.55292713
2015-02-09T00:00:00.000Z,67.56428335,70.65129155,65.3607033,66.8299926
2015-02-10T00:00:00.000Z,66.88976722,68.41696072,64.75068224,66.6280086
2015-02-11T00:00:00.000Z,66.58516465,68.73464679,65.37720794,66.99604727
2015-02-12T00:00:00.000Z,67.01318848,68.64808107,65.62344613,67.48521205
2015-02-13T00:00:00.000Z,67.52450809,72.93571199,66.8269729,70.9434113
2015-02-14T00:00:00.000Z,70.92223122,76.87203036,70.43213124,75.61586621
2015-02-15T00:00:00.000Z,75.5984354,79.91107699,67.01145801,68.97145159
2015-02-16T00:00:00.000Z,69.03067135,70.77624607,67.23595247,68.94711038
2015-02-17T00:00:00.000Z,68.8725579,72.25585955,67.92578615,70.90760288
2015-02-18T00:00:00.000Z,70.97437392,71.78296454,67.78557187,69.13569137
2015-02-19T00:00:00.000Z,69.15684018,71.14624844,68.53377824,70.11190703
2015-02-20T00:00:00.000Z,70.04696519,72.07459547,69.20215748,70.61274189
2015-02-21T00:00:00.000Z,70.54320066,73.03777695,69.56248004,70.30998563
2015-02-22T00:00:00.000Z,70.34303016,71.4202248,66.56857002,67.74354421
2015-02-23T00:00:00.000Z,67.78014811,70.96300954,66.60437328,69.56989186
2015-02-24T00:00:00.000Z,69.75803266,71.49003637,68.46029817,69.91582575
2015-02-25T00:00:00.000Z,69.96381763,71.30462378,68.38601827,69.78062209
2015-02-26T00:00:00.000Z,69.7965973,70.91674628,68.4644028,69.61446625
2015-02-27T00:00:00.000Z,69.58558125,74.85938023,69.20679927,73.37588043
2015-02-28T00:00:00.000Z,73.23357245,74.24141213,70.92205055,72.96422948
2015-03-01T00:00:00.000Z,73.30162474,75.48722866,69.80016329,73.68398411
2015-03-02T00:00:00.000Z,73.66964595,77.02508907,71.89970441,76.1485574
2015-03-03T00:00:00.000Z,76.05603655,78.79107892,72.10742384,75.3576103
2015-03-04T00:00:00.000Z,74.88523388,76.4752453,71.21654733,73.13286062
2015-03-05T00:00:00.000Z,73.0869956,77.16602443,70.53527493,75.44494627
2015-03-06T00:00:00.000Z,75.21358617,76.74476544,72.31992614,73.74308903
2015-03-07T00:00:00.000Z,73.68427182,75.71217052,72.07212189,74.1683651
2015-03-08T00:00:00.000Z,73.99168425,75.35741143,69.94679025,72.35156824
2015-03-09T00:00:00.000Z,72.47567037,78.55245993,71.64960489,76.32131249
2015-03-10T00:00:00.000Z,76.37159059,79.66423779,74.38304475,76.25805569
2015-03-11T00:00:00.000Z,76.26311111,89.74703548,74.82334097,76.91794035
2015-03-12T00:00:00.000Z,76.83174823,78.38493993,75.15198782,76.65259642
2015-03-13T00:00:00.000Z,76.59636885,78.09104347,74.22951243,74.91997351
2015-03-14T00:00:00.000Z,74.70089169,76.79518237,73.02731195,75.00105715
2015-03-15T00:00:00.000Z,74.81270336,76.89272699,73.71273117,75.12123095
2015-03-16T00:00:00.000Z,75.10246691,78.3628341,74.62160388,76.57447477
2015-03-17T00:00:00.000Z,76.58311937,77.81332519,74.47549979,75.20487184
2015-03-18T00:00:00.000Z,75.16694547,75.89868545,67.04535911,68.50666812
2015-03-19T00:00:00.000Z,68.46941392,71.24614666,66.19616868,69.71503573
2015-03-20T00:00:00.000Z,69.62731125,71.79087438,68.38621037,69.91742234
2015-03-21T00:00:00.000Z,69.83849832,72.83033648,67.19223339,69.64623031
2015-03-22T00:00:00.000Z,69.6409461,72.3419702,68.79134507,71.36902328
2015-03-23T00:00:00.000Z,71.42515507,73.95520796,69.09327204,71.18141589
2015-03-24T00:00:00.000Z,71.20099315,72.49472621,65.45106859,66.7706552
2015-03-25T00:00:00.000Z,67.00436316,69.01075642,62.68063916,65.80146284
2015-03-26T00:00:00.000Z,65.79236022,68.20459577,64.40747841,65.72305953
2015-03-27T00:00:00.000Z,65.71271111,68.20661677,64.30816719,65.81834668
2015-03-28T00:00:00.000Z,65.75886652,67.98947138,64.88547745,66.68112236
2015-03-29T00:00:00.000Z,66.66779349,67.43060925,63.22850443,64.20788336
2015-03-30T00:00:00.000Z,64.29185729,66.28619915,62.47394156,64.58197035
2015-03-31T00:00:00.000Z,64.60886039,67.18801364,61.96284188,63.53058174
2015-04-01T00:00:00.000Z,74.49054609,76.69608618,71.45716077,74.16836511
2015-04-02T00:00:00.000Z,74.164979,77.45360388,72.99952388,76.14984612
2015-04-03T00:00:00.000Z,76.13468085,78.90625751,75.06123713,77.5215983
2015-04-04T00:00:00.000Z,77.49393561,78.59362231,75.35897681,76.95171643
2015-04-05T00:00:00.000Z,76.90011799,79.23322674,75.28911759,78.08003433
2015-04-06T00:00:00.000Z,78.11289393,79.57467724,75.81834226,77.03535296
2015-04-07T00:00:00.000Z,76.96074648,78.95672284,74.60108015,77.16787868
2015-04-08T00:00:00.000Z,77.14773365,78.64437029,73.89033265,75.5644343
2015-04-09T00:00:00.000Z,75.51125617,76.59343355,72.41158254,74.01620793
2015-04-10T00:00:00.000Z,74.07367883,74.90977896,69.16578399,71.10112875
2015-04-11T00:00:00.000Z,71.08588307,72.85906041,69.14821703,70.54202125
2015-04-12T00:00:00.000Z,70.71138455,72.34967599,69.09544836,70.77943618
2015-04-13T00:00:00.000Z,70.77647692,72.91656048,66.36052368,67.99710039
2015-04-14T00:00:00.000Z,68.01124809,68.84679417,65.07145309,66.40042369
2015-04-15T00:00:00.000Z,66.35946659,68.23433648,64.88335969,66.93889157
2015-04-16T00:00:00.000Z,66.98657391,70.70197363,66.61571595,69.10784141
2015-04-17T00:00:00.000Z,69.11342437,70.07698642,66.54491247,67.60062574
2015-04-18T00:00:00.000Z,67.61141255,68.61066667,65.7889437,67.45415872
2015-04-19T00:00:00.000Z,67.45980006,68.94548154,66.24002666,66.96618173
2015-04-20T00:00:00.000Z,66.97248305,68.52632668,65.78296772,67.10935067
2015-04-21T00:00:00.000Z,67.10717735,70.14767064,66.05197061,69.43894843
2015-04-22T00:00:00.000Z,69.55670174,71.4176738,68.18046281,69.40082406
2015-04-23T00:00:00.000Z,69.37725941,71.33468969,68.48181849,70.57540064
2015-04-24T00:00:00.000Z,70.50188557,71.33672307,67.68750698,69.06186546
2015-04-25T00:00:00.000Z,69.05216007,70.1068345,67.07276968,68.15312131
2015-04-26T00:00:00.000Z,68.10241069,68.42470473,63.82190499,65.40245166
2015-04-27T00:00:00.000Z,65.37912968,69.26457844,64.39600476,67.71057156
2015-04-28T00:00:00.000Z,67.68934539,68.83307152,65.21246803,66.65704457
2015-04-29T00:00:00.000Z,66.52789868,67.82867762,64.58907908,66.72945281
2015-04-30T00:00:00.000Z,66.72369507,70.55025758,65.81889865,69.41523366
2015-05-01T00:00:00.000Z,69.65714295,70.96662933,67.68756119,68.29278133
2015-05-02T00:00:00.000Z,68.27824949,70.01872771,67.46246113,68.67235872
2015-05-03T00:00:00.000Z,68.70672183,71.30172841,67.58361046,69.5929115
2015-05-04T00:00:00.000Z,69.61900842,71.22139441,67.92116712,69.18289401
2015-05-05T00:00:00.000Z,69.14259156,69.95439228,66.62339524,68.17875828
2015-05-06T00:00:00.000Z,68.21359022,69.22337661,66.27414436,66.83072224
2015-05-07T00:00:00.000Z,66.88175665,69.48296005,65.55274708,68.19686177
2015-05-08T00:00:00.000Z,68.16766564,70.88176887,67.27224335,69.84059755
2015-05-09T00:00:00.000Z,69.83212751,71.32338063,67.93159253,69.32127281
2015-05-10T00:00:00.000Z,69.25828263,70.41321342,67.32293652,68.39214818
2015-05-11T00:00:00.000Z,68.41284969,69.97028158,67.29935357,68.72719886
2015-05-12T00:00:00.000Z,68.7193941,71.22123927,67.51487272,69.63324049
2015-05-13T00:00:00.000Z,69.61771221,71.58487659,67.25965687,68.14076643
2015-05-14T00:00:00.000Z,68.11161013,69.99720458,66.67960977,68.83191267
2015-05-15T00:00:00.000Z,68.79807293,70.45525135,67.86486812,69.52785744
2015-05-16T00:00:00.000Z,69.53307493,70.76802671,67.77131815,68.89637421
2015-05-17T00:00:00.000Z,68.8548597,70.08542427,67.6773053,68.70848077
2015-05-18T00:00:00.000Z,68.61711608,70.19065868,66.3882886,67.36085287
2015-05-19T00:00:00.000Z,67.22773838,72.07772697,65.5727066,69.45548518
2015-05-20T00:00:00.000Z,69.5145119,73.50442081,68.53059193,71.36278182
2015-05-21T00:00:00.000Z,71.44160189,73.57955556,69.98170237,71.87856947
2015-05-22T00:00:00.000Z,71.91044805,76.81650218,71.20547007,75.61809476
2015-05-23T00:00:00.000Z,75.63851822,78.76413759,74.10788427,75.72382368
2015-05-24T00:00:00.000Z,75.73843899,78.53898335,73.70415963,76.68772616
2015-05-25T00:00:00.000Z,76.69691843,78.416286,74.10024403,75.5346382
2015-05-26T00:00:00.000Z,75.56315975,78.15525549,73.94797406,76.30046446
2015-05-27T00:00:00.000Z,76.30784858,79.67711912,75.05239089,77.64199
2015-05-28T00:00:00.000Z,77.70597015,81.60668028,76.29769783,79.99448608
2015-05-29T00:00:00.000Z,80.00007123,84.15558386,77.43514293,81.34311796
2015-05-30T00:00:00.000Z,81.52382776,82.73076686,76.50748068,78.05033772
2015-05-31T00:00:00.000Z,77.94181225,83.67979711,74.71924682,75.95821075
2015-06-01T00:00:00.000Z,75.81340789,77.10859477,71.45185083,72.4341788
2015-06-02T00:00:00.000Z,72.48195619,76.00397082,71.05863927,74.62330152
2015-06-03T00:00:00.000Z,74.74020471,76.27484164,73.02836113,74.76405398
2015-06-04T00:00:00.000Z,74.76728576,75.67159002,73.14758936,74.22137877
2015-06-05T00:00:00.000Z,74.20959979,75.92644725,73.14183074,75.00576624
2015-06-06T00:00:00.000Z,75.03213313,76.18046782,74.09974248,75.35696181
2015-06-07T00:00:00.000Z,75.3450195,76.46562817,73.45744029,74.4636399
2015-06-08T00:00:00.000Z,74.40796739,77.167661,73.57707561,76.1577313
2015-06-09T00:00:00.000Z,76.1347896,77.81976577,74.75332803,76.28947474
2015-06-10T00:00:00.000Z,76.27103121,77.19153225,74.29383705,75.68057063
2015-06-11T00:00:00.000Z,75.67107061,77.90749767,74.72787941,76.38462223
2015-06-12T00:00:00.000Z,76.38240152,77.73277817,75.18831991,76.39044682
2015-06-13T00:00:00.000Z,76.30639585,78.98532733,75.40241666,77.8545834
2015-06-14T00:00:00.000Z,77.89838083,80.48171951,76.97828677,78.99119171
2015-06-15T00:00:00.000Z,78.96256716,81.91781793,78.05236505,80.70638591
2015-06-16T00:00:00.000Z,80.64782756,90.17076716,79.6590078,88.85257155
2015-06-17T00:00:00.000Z,88.87426928,94.387268,85.94605204,88.44037004
2015-06-18T00:00:00.000Z,88.47256409,92.79805537,86.43770085,91.07722067
2015-06-19T00:00:00.000Z,91.20406462,94.95507128,87.51869535,90.25954877
2015-06-20T00:00:00.000Z,90.37048658,92.55573067,87.06293002,90.98144372
2015-06-21T00:00:00.000Z,90.85285036,91.85173756,87.33591118,89.20481503
2015-06-22T00:00:00.000Z,89.21190297,91.73523577,87.95560722,90.91193639
2015-06-23T00:00:00.000Z,90.87643423,91.57992201,87.45180295,88.71718911
2015-06-24T00:00:00.000Z,88.67703913,89.97238374,85.83377569,86.65528734
2015-06-25T00:00:00.000Z,86.57361894,88.77898327,85.4271009,87.84878217
2015-06-26T00:00:00.000Z,87.83441136,89.4588618,86.42544319,88.19118207
2015-06-27T00:00:00.000Z,88.20070251,92.13290109,87.46989023,91.31243277
2015-06-28T00:00:00.000Z,91.23783198,92.64063823,88.46956233,90.86912921
2015-06-29T00:00:00.000Z,90.48417693,96.58355372,89.34128408,95.36056151
2015-06-30T00:00:00.000Z,95.36865986,101.2264216,93.26389272,97.16743411
2015-07-01T00:00:00.000Z,97.20031373,100.8041494,92.82386606,95.1323601
2015-07-02T00:00:00.000Z,95.07115177,97.13671486,92.63523979,94.22026554
2015-07-03T00:00:00.000Z,94.15852746,95.94403799,92.60297257,94.70751769
2015-07-04T00:00:00.000Z,94.67754437,97.04882761,92.79798747,95.78852588
2015-07-05T00:00:00.000Z,95.7966698,101.9228809,92.99474086,99.19223051
2015-07-06T00:00:00.000Z,98.88059072,103.515014,96.02470612,99.15423132
2015-07-07T00:00:00.000Z,99.3950852,102.2638649,95.0651147,97.99908774
2015-07-08T00:00:00.000Z,97.9712416,103.0281741,96.09355769,101.2187679
2015-07-09T00:00:00.000Z,101.2197021,108.9680393,97.64878685,105.0456329
2015-07-10T00:00:00.000Z,104.8018533,118.3088714,94.05887826,100.6513556
2015-07-11T00:00:00.000Z,100.5533603,106.1909702,96.41785373,101.1337399
2015-07-12T00:00:00.000Z,101.1979954,110.3336576,100.2542521,107.4787857
2015-07-13T00:00:00.000Z,107.4812739,109.2350702,96.85048324,102.0935033
2015-07-14T00:00:00.000Z,102.092572,105.1918776,99.14642813,101.2850024
2015-07-15T00:00:00.000Z,101.3432947,103.8211583,97.26903729,98.20539959
2015-07-16T00:00:00.000Z,98.31579413,100.5761968,90.7326345,93.4092517
2015-07-17T00:00:00.000Z,93.43199802,96.15490069,90.59312644,94.15305735
2015-07-18T00:00:00.000Z,94.05580948,97.30088123,91.87749028,93.65736005
2015-07-19T00:00:00.000Z,93.64729724,94.90903728,91.28331104,92.59912914
2015-07-20T00:00:00.000Z,92.56334619,95.65405886,91.32576706,94.1998839
2015-07-21T00:00:00.000Z,94.29405266,96.32014277,91.84226587,93.11531226
2015-07-22T00:00:00.000Z,93.19672627,95.21922309,91.36228474,93.44282377
2015-07-23T00:00:00.000Z,93.48457339,95.22077323,91.84198851,93.32494361
2015-07-24T00:00:00.000Z,93.28481887,101.6247896,92.12185661,98.34856738
2015-07-25T00:00:00.000Z,98.4107525,101.0425306,96.21781054,98.75583294
2015-07-26T00:00:00.000Z,98.79482892,102.0166622,97.00853917,100.0340202
2015-07-27T00:00:00.000Z,100.1092029,102.8804657,97.81019884,100.9293869
2015-07-28T00:00:00.000Z,100.8632264,104.1354075,99.31907907,101.8523408
2015-07-29T00:00:00.000Z,101.8525618,103.2810422,98.37751358,99.9725566
2015-07-30T00:00:00.000Z,99.92520259,101.1305539,97.01517602,98.95523784
2015-07-31T00:00:00.000Z,98.93229234,101.6231142,96.49651511,98.66367976
2015-08-01T00:00:00.000Z,98.37242766,99.3965793,94.08131956,95.96590242
2015-08-02T00:00:00.000Z,95.68406149,97.30426623,92.9710692,96.22222099
2015-08-03T00:00:00.000Z,96.31605127,98.51842657,94.11293668,95.28112504
2015-08-04T00:00:00.000Z,95.27671573,98.40016007,94.22873881,96.60199069
2015-08-05T00:00:00.000Z,96.5686881,98.2806645,93.74078413,95.27469342
2015-08-06T00:00:00.000Z,95.31166872,96.63531311,92.28232368,93.79024467
2015-08-07T00:00:00.000Z,93.77172216,96.20816475,91.59523268,94.18817697
2015-08-08T00:00:00.000Z,94.34086922,96.08840446,87.81996931,89.08182266
2015-08-09T00:00:00.000Z,89.05360278,92.36572034,87.62916423,90.4004973
2015-08-10T00:00:00.000Z,90.48410793,92.76461457,89.15767431,90.60986537
2015-08-11T00:00:00.000Z,90.55313394,93.28956643,88.71237308,91.91276305
2015-08-12T00:00:00.000Z,91.95882302,93.70078844,88.83020428,90.52694208
2015-08-13T00:00:00.000Z,90.35631314,91.28412667,87.18284341,88.86523124
2015-08-14T00:00:00.000Z,88.93186386,91.68737412,87.38456236,90.11424548
2015-08-15T00:00:00.000Z,90.0844353,91.57509211,87.9119656,88.95289698
2015-08-16T00:00:00.000Z,88.9344653,90.08966462,86.46072189,87.62976914
2015-08-17T00:00:00.000Z,87.70051534,89.15369662,85.8584868,86.87462201
2015-08-18T00:00:00.000Z,86.89545597,87.84425225,73.48279914,73.56866234
2015-08-19T00:00:00.000Z,75.42976538,81.26218778,74.2363299,77.2208485
2015-08-20T00:00:00.000Z,77.20103388,81.28285224,76.31167391,80.00248805
2015-08-21T00:00:00.000Z,79.912403,81.5714745,78.0613426,79.3009405
2015-08-22T00:00:00.000Z,79.30097212,80.39593298,75.81211291,77.88122087
2015-08-23T00:00:00.000Z,77.85883636,79.25545265,75.50450212,76.88582362
2015-08-24T00:00:00.000Z,76.93128487,77.49652096,70.60967859,71.30519407
2015-08-25T00:00:00.000Z,71.10661797,75.06407734,66.81115411,72.92632988
2015-08-26T00:00:00.000Z,72.96160278,76.82677289,71.82575251,74.97835269
2015-08-27T00:00:00.000Z,74.9328427,76.54670182,73.36269513,74.52218271
2015-08-28T00:00:00.000Z,74.46878193,77.94581311,72.2320037,75.9494198
2015-08-29T00:00:00.000Z,75.884725,78.95592914,73.91689841,76.95998385
2015-08-30T00:00:00.000Z,76.88415145,79.23876616,74.91360488,77.27830133
2015-08-31T00:00:00.000Z,77.3842763,78.9525673,75.05753238,77.19558315
2015-09-01T00:00:00.000Z,77.18043457,77.99666659,75.62891887,76.40027326
2015-09-02T00:00:00.000Z,76.39436411,77.68213396,74.88288719,76.22706328
2015-09-03T00:00:00.000Z,76.20892697,77.23402968,73.97551142,74.79362273
2015-09-04T00:00:00.000Z,74.81866289,76.50861689,74.06726909,75.51309237
2015-09-05T00:00:00.000Z,75.50147976,80.53967825,74.48697224,79.1688412
2015-09-06T00:00:00.000Z,79.06676629,86.55506621,77.80570033,80.46761827
2015-09-07T00:00:00.000Z,80.45340204,82.28169106,79.05379936,80.39550979
2015-09-08T00:00:00.000Z,80.35176574,82.40700636,78.86294563,80.54499451
2015-09-09T00:00:00.000Z,80.49498316,82.16143937,77.85218008,78.94229922
2015-09-10T00:00:00.000Z,78.98050026,80.75470948,77.5491446,79.07776891
2015-09-11T00:00:00.000Z,79.06020171,81.57429718,77.96922898,80.13791074
2015-09-12T00:00:00.000Z,80.1047289,81.10406626,77.02872846,78.11956253
2015-09-13T00:00:00.000Z,78.06613855,79.33100646,75.74789604,77.34441274
2015-09-14T00:00:00.000Z,77.26823582,80.12323938,74.43917184,76.27855216
2015-09-15T00:00:00.000Z,76.10266473,84.01232269,74.86355762,76.55922741
2015-09-16T00:00:00.000Z,76.54087004,77.94920624,74.43163804,75.93095687
2015-09-17T00:00:00.000Z,75.98482115,85.08306711,75.02959612,76.61234349
2015-09-18T00:00:00.000Z,77.12781798,79.73600029,76.03525332,78.45878063
2015-09-19T00:00:00.000Z,78.45201332,79.47336699,76.17130146,77.55673772
2015-09-20T00:00:00.000Z,77.47581417,79.51210484,76.43101219,78.23059542
2015-09-21T00:00:00.000Z,78.15637068,79.45757637,75.30248833,76.74814764
2015-09-22T00:00:00.000Z,76.74686905,79.01334592,74.80972959,77.1888854
2015-09-23T00:00:00.000Z,77.32173426,79.21094327,75.43401682,76.89241442
2015-09-24T00:00:00.000Z,76.81349203,78.77666446,75.34915333,77.29725477
2015-09-25T00:00:00.000Z,77.31227768,79.07592848,75.73850392,77.39209361
2015-09-26T00:00:00.000Z,77.38087841,78.80087081,75.60839569,76.99082826
2015-09-27T00:00:00.000Z,76.9659683,77.86196071,75.5128506,76.41703509
2015-09-28T00:00:00.000Z,76.46056604,79.24447691,75.28200869,78.0459999
2015-09-29T00:00:00.000Z,77.74237073,79.92654309,74.49476726,76.28990887
2015-09-30T00:00:00.000Z,76.31022972,77.69589134,74.22005765,75.79939176
2015-10-01T00:00:00.000Z,76.31691788,78.14426519,74.4780745,76.28905899
2015-10-02T00:00:00.000Z,76.18411789,77.8218028,74.37339777,76.03709743
2015-10-03T00:00:00.000Z,75.99807438,77.83263368,74.65694466,75.99856019
2015-10-04T00:00:00.000Z,75.96065276,76.72207076,74.31037428,75.03978646
2015-10-05T00:00:00.000Z,75.15710431,76.51818565,73.30012501,74.79379119
2015-10-06T00:00:00.000Z,74.74983979,77.98743661,73.99739827,77.15406864
2015-10-07T00:00:00.000Z,77.15739977,78.49676343,75.43421967,76.37129154
2015-10-08T00:00:00.000Z,76.31173306,77.36672228,74.47414285,75.24395569
2015-10-09T00:00:00.000Z,75.45647078,77.08553128,74.33247825,76.01195116
2015-10-10T00:00:00.000Z,75.93580861,77.20776538,74.82666863,76.10799839
2015-10-11T00:00:00.000Z,76.10517746,77.86138205,74.88808858,76.72772068
2015-10-12T00:00:00.000Z,76.73445577,78.02906181,75.38514134,76.35638628
2015-10-13T00:00:00.000Z,76.38162673,78.15111687,74.52319652,76.78104017
2015-10-14T00:00:00.000Z,76.8206577,78.90916426,74.4988083,76.31639414
2015-10-15T00:00:00.000Z,76.39046552,78.61991988,74.98397902,76.85774597
2015-10-16T00:00:00.000Z,76.8899573,80.00633656,75.22328597,78.04707153
2015-10-17T00:00:00.000Z,77.97067049,81.08000398,75.90464449,78.82592437
2015-10-18T00:00:00.000Z,78.96924718,79.68430381,74.95962787,75.92640624
2015-10-19T00:00:00.000Z,76.09622578,77.54521171,74.2314019,76.00957106
2015-10-20T00:00:00.000Z,76.01449921,78.34288068,74.07838567,76.17159866
2015-10-21T00:00:00.000Z,76.1189144,77.65074809,74.08779373,75.64203278
2015-10-22T00:00:00.000Z,75.69530407,79.6249838,74.421422,78.01228915
2015-10-23T00:00:00.000Z,77.94897838,80.04350363,76.42321484,77.88931039
2015-10-24T00:00:00.000Z,77.82636006,79.930712,76.31531675,78.67899629
2015-10-25T00:00:00.000Z,78.80180437,83.46312285,77.43507686,79.24129968
2015-10-26T00:00:00.000Z,79.36457568,81.78975148,77.18229375,80.29708795
2015-10-27T00:00:00.000Z,80.07486762,84.90589865,78.8235526,83.05224693
2015-10-28T00:00:00.000Z,83.09556637,87.81805016,81.87030467,85.89087012
2015-10-29T00:00:00.000Z,85.851982,93.69344037,83.98139402,91.55782594
2015-10-30T00:00:00.000Z,91.468982,99.29222783,88.55208722,94.14325922
2015-10-31T00:00:00.000Z,94.33106093,96.23739474,87.55445912,89.25037478
2015-11-01T00:00:00.000Z,89.6456251,95.09271654,87.98096487,93.20042971
2015-11-02T00:00:00.000Z,93.2729991,102.5346593,90.83984796,99.88107996
2015-11-03T00:00:00.000Z,99.97306315,113.1409589,96.62170282,107.6907547
2015-11-04T00:00:00.000Z,107.8791406,126.5015276,96.79769132,104.6794841
2015-11-05T00:00:00.000Z,104.3061268,113.0967565,94.2354944,98.81771466
2015-11-06T00:00:00.000Z,98.98419656,102.3499388,90.67628348,96.65205393
2015-11-07T00:00:00.000Z,96.74034087,101.3693045,95.09004428,99.10351927
2015-11-08T00:00:00.000Z,98.88289575,101.6406793,93.63999755,95.85982249
2015-11-09T00:00:00.000Z,95.91248189,99.51871704,92.4402972,96.87085658
2015-11-10T00:00:00.000Z,96.70673792,98.63951132,86.19839994,88.35363141
2015-11-11T00:00:00.000Z,88.81274793,90.42900443,79.72872606,83.56278414
2015-11-12T00:00:00.000Z,83.91048238,92.3826913,82.7337798,90.11902747
2015-11-13T00:00:00.000Z,90.08067962,91.26302368,86.0793194,88.97012362
2015-11-14T00:00:00.000Z,88.90804289,90.14394364,86.35313845,87.64230734
2015-11-15T00:00:00.000Z,87.73631516,89.85995233,83.80271122,85.32872783
2015-11-16T00:00:00.000Z,85.25778107,88.72013523,83.64402287,87.69477184
2015-11-17T00:00:00.000Z,87.63850301,90.63892706,86.4461496,88.70290947
2015-11-18T00:00:00.000Z,88.60091439,90.2474382,87.00642609,88.75684415
2015-11-19T00:00:00.000Z,88.80417666,89.84633427,85.51419086,86.52206832
2015-11-20T00:00:00.000Z,86.56471817,87.22708504,82.56368178,85.16455017
2015-11-21T00:00:00.000Z,85.15808391,87.21196189,83.94386596,86.27267607
2015-11-22T00:00:00.000Z,86.35287067,86.94937205,84.31494656,85.58431162
2015-11-23T00:00:00.000Z,85.57645928,86.75903779,84.05566772,85.20538412
2015-11-24T00:00:00.000Z,85.2072387,86.08068778,82.83747193,84.39470411
2015-11-25T00:00:00.000Z,84.39293401,87.90504665,83.09877097,86.726584
2015-11-26T00:00:00.000Z,86.72389557,95.06505425,85.47405228,91.19525369
2015-11-27T00:00:00.000Z,90.86656677,93.68292357,88.70065894,91.18139296
2015-11-28T00:00:00.000Z,91.07856301,92.45757764,88.85609215,90.87535162
2015-11-29T00:00:00.000Z,90.91356173,94.49948739,89.52029899,93.39697711
2015-11-30T00:00:00.000Z,93.3226016,96.10492165,91.05600265,93.47341217
2015-12-01T00:00:00.000Z,93.42085278,94.73630951,87.30687807,90.21159181
2015-12-02T00:00:00.000Z,90.1424099,91.47826618,86.11612243,89.05644571
2015-12-03T00:00:00.000Z,89.13242064,93.16192569,88.01872079,90.44792822
2015-12-04T00:00:00.000Z,90.38933106,94.26193529,88.62344839,92.44350813
2015-12-05T00:00:00.000Z,92.64270481,99.39981411,91.7271315,97.96048629
2015-12-06T00:00:00.000Z,98.15673616,102.0432552,96.02871159,98.07850035
2015-12-07T00:00:00.000Z,97.82722526,101.5561805,95.51776622,99.06440647
2015-12-08T00:00:00.000Z,99.19355644,106.9684616,96.81546411,105.9507655
2015-12-09T00:00:00.000Z,106.0034126,113.9210419,102.3773091,109.8629881
2015-12-10T00:00:00.000Z,109.7788633,113.5663388,107.1100523,109.0976025
2015-12-11T00:00:00.000Z,109.0882799,117.5251802,106.6808652,115.983516
2015-12-12T00:00:00.000Z,116.0662263,120.5533243,106.7693834,112.7716724
2015-12-13T00:00:00.000Z,112.5382921,116.3017827,110.179222,113.4574032
2015-12-14T00:00:00.000Z,113.4808477,117.2021235,109.0910275,111.890141
2015-12-15T00:00:00.000Z,111.8364302,116.5212397,108.0544217,113.0542958
2015-12-16T00:00:00.000Z,113.1190778,114.8764042,107.6178834,111.5094214
2015-12-17T00:00:00.000Z,111.6111831,114.2354174,108.7465647,111.5292431
2015-12-18T00:00:00.000Z,111.4835484,114.0148773,108.8528584,111.4624888
2015-12-19T00:00:00.000Z,111.4853309,113.5351149,108.6441807,111.0110626
2015-12-20T00:00:00.000Z,110.9888687,112.3391352,104.2172179,106.6659987
2015-12-21T00:00:00.000Z,106.7834237,108.7729235,102.4394129,105.7954929
2015-12-22T00:00:00.000Z,105.6729069,108.4873143,103.594353,105.5409993
2015-12-23T00:00:00.000Z,105.3379215,108.8164525,103.5901451,106.2826455
2015-12-24T00:00:00.000Z,106.4049345,117.9190553,105.2738949,108.2874424
2015-12-25T00:00:00.000Z,108.4325493,112.4960171,107.1128022,110.0070513
2015-12-26T00:00:00.000Z,110.1385487,111.4853455,100.0870074,102.7184457
2015-12-27T00:00:00.000Z,102.6206562,106.1446141,100.2289909,104.6155547
2015-12-28T00:00:00.000Z,104.6441347,108.0370021,102.7174066,104.8230292
2015-12-29T00:00:00.000Z,104.8577148,108.0518701,102.8319506,106.7433967
2015-12-30T00:00:00.000Z,106.7275775,110.5360868,103.7822122,106.142079
2015-12-31T00:00:00.000Z,105.9548747,108.6633711,102.4813035,106.2250306
2016-01-01T00:00:00.000Z,106.0668791,108.9980595,104.2214205,106.8624733
2016-01-02T00:00:00.000Z,107.0291735,109.2656246,105.3921211,107.0890449
2016-01-03T00:00:00.000Z,107.0942735,108.3859656,104.3938398,106.4347115
2016-01-04T00:00:00.000Z,106.4831213,108.8420644,104.88092,106.9457779
2016-01-05T00:00:00.000Z,106.8555086,109.737707,104.9476506,106.8761005
2016-01-06T00:00:00.000Z,106.8214235,110.7244915,104.5422881,107.3765599
2016-01-07T00:00:00.000Z,107.4056837,113.5671886,104.6762818,111.5857387
2016-01-08T00:00:00.000Z,111.563279,114.6497164,107.8675386,110.9108561
2016-01-09T00:00:00.000Z,111.1303402,114.8150916,108.9347181,111.7105644
2016-01-10T00:00:00.000Z,111.7857829,112.9231649,107.8647407,111.314722
2016-01-11T00:00:00.000Z,111.3578274,113.6950492,108.7653466,111.2436902
2016-01-12T00:00:00.000Z,111.2026446,116.2332083,107.9996866,111.701629
2016-01-13T00:00:00.000Z,111.4219203,113.7479731,107.1713902,111.7752671
2016-01-14T00:00:00.000Z,111.7097375,116.3090135,108.8010473,113.1141823
2016-01-15T00:00:00.000Z,112.978835,115.3660629,98.1180656,99.22373987
2016-01-16T00:00:00.000Z,99.15314655,106.3509106,95.22278578,103.5039288
2016-01-17T00:00:00.000Z,103.3555289,107.2684417,100.041512,103.5912705
2016-01-18T00:00:00.000Z,103.471588,109.2254461,100.8625702,105.459019
2016-01-19T00:00:00.000Z,105.4517929,108.1076693,101.4817153,103.8968756
2016-01-20T00:00:00.000Z,103.6484492,115.9509483,101.1245114,113.199375
2016-01-21T00:00:00.000Z,112.853647,115.5205391,107.826742,110.5615046
2016-01-22T00:00:00.000Z,110.604229,113.3059921,102.3141417,105.0958381
2016-01-23T00:00:00.000Z,105.2302991,112.4513855,103.1159437,108.7461583
2016-01-24T00:00:00.000Z,108.5322716,115.9261794,106.6061547,112.8444072
2016-01-25T00:00:00.000Z,112.9114281,117.3632176,107.477968,112.7458268
2016-01-26T00:00:00.000Z,112.8840171,125.516909,108.5954659,118.0965648
2016-01-27T00:00:00.000Z,117.9600372,131.2165642,115.5436277,126.2387817
2016-01-28T00:00:00.000Z,126.2636254,131.1092753,115.8560976,119.6160388
2016-01-29T00:00:00.000Z,119.7280323,123.4039486,111.4654394,119.0744668
2016-01-30T00:00:00.000Z,119.1059512,122.0120093,114.5853664,116.9675487
2016-01-31T00:00:00.000Z,116.9456151,119.9313739,110.8828709,114.0586227
2016-02-01T00:00:00.000Z,113.4436983,116.2547153,110.6152416,113.2171995
2016-02-02T00:00:00.000Z,113.3215303,115.8226689,111.4187554,114.2542821
2016-02-03T00:00:00.000Z,114.2374161,120.1343835,111.6966765,114.1569072
2016-02-04T00:00:00.000Z,114.2488828,120.7434713,113.1476288,119.2949392
2016-02-05T00:00:00.000Z,119.1984482,121.7381168,117.5343617,119.8060102
2016-02-06T00:00:00.000Z,119.8879048,121.8147514,115.3948787,118.4798471
2016-02-07T00:00:00.000Z,118.4830375,123.3409429,116.9488883,120.0772952
2016-02-08T00:00:00.000Z,120.1669916,123.3015433,117.7873256,119.3881407
2016-02-09T00:00:00.000Z,119.4836756,123.6047318,117.7169972,121.3583557
2016-02-10T00:00:00.000Z,121.3074775,127.9818904,119.4632778,124.6281192
2016-02-11T00:00:00.000Z,124.7760359,133.3419241,121.2212197,128.5475051
2016-02-12T00:00:00.000Z,128.4626084,137.267924,125.1191101,133.0162618
2016-02-13T00:00:00.000Z,133.1666373,137.515541,126.5128319,133.7687285
2016-02-14T00:00:00.000Z,134.1804337,140.333472,130.2948942,138.0460092
2016-02-15T00:00:00.000Z,138.4847544,143.1326709,133.435738,137.9173134
2016-02-16T00:00:00.000Z,138.239618,144.7491716,132.2282441,136.9573661
2016-02-17T00:00:00.000Z,136.9429151,142.7781571,130.0782371,134.3936774
2016-02-18T00:00:00.000Z,134.3883086,140.2029509,129.6999044,136.0398876
2016-02-19T00:00:00.000Z,135.9909945,139.902834,133.2669297,137.3146993
2016-02-20T00:00:00.000Z,137.3277598,143.8048423,134.308337,139.5719322
2016-02-21T00:00:00.000Z,139.5959661,144.9925748,135.961717,140.8390258
2016-02-22T00:00:00.000Z,140.7960134,145.9221345,138.0430563,143.711445
2016-02-23T00:00:00.000Z,143.9808318,146.8650293,136.5192508,139.5315151
2016-02-24T00:00:00.000Z,139.5907913,144.8350701,136.7892514,143.2054734
2016-02-25T00:00:00.000Z,143.1236898,146.0411038,138.2216037,141.9677954
2016-02-26T00:00:00.000Z,141.8387474,145.8493924,138.792398,143.4309803
2016-02-27T00:00:00.000Z,143.6998598,148.5309313,141.3281745,145.6961939
2016-02-28T00:00:00.000Z,145.7227586,150.5806976,142.0182082,146.4869424
2016-02-29T00:00:00.000Z,146.4859512,150.3625716,142.8901005,147.0947834
2016-03-01T00:00:00.000Z,148.7878834,152.5099663,145.3628788,148.5899723
2016-03-02T00:00:00.000Z,148.4919011,152.0928832,144.6584626,147.2610821
2016-03-03T00:00:00.000Z,147.2164416,154.411004,144.599623,150.4042132
2016-03-04T00:00:00.000Z,150.2275762,154.6523166,145.0876217,148.8445005
2016-03-05T00:00:00.000Z,148.8015513,154.8000999,142.0646508,147.5119616
2016-03-06T00:00:00.000Z,147.8081886,156.3182303,143.5982538,151.532188
2016-03-07T00:00:00.000Z,151.5510834,159.5426257,146.9290169,153.3177343
2016-03-08T00:00:00.000Z,153.3330053,160.3035191,149.7051084,157.0213572
2016-03-09T00:00:00.000Z,157.0511176,163.3174682,152.8961262,159.9133365
2016-03-10T00:00:00.000Z,159.9270111,167.5260268,155.6872109,161.9340564
2016-03-11T00:00:00.000Z,162.1535904,169.558972,157.9923531,164.4954124
2016-03-12T00:00:00.000Z,164.5066993,170.2008983,158.1001177,163.8603425
2016-03-13T00:00:00.000Z,163.8471441,169.7756259,161.1604808,164.7730166
2016-03-14T00:00:00.000Z,164.9632329,167.4451101,157.2634778,160.4187112
2016-03-15T00:00:00.000Z,160.9556984,164.619144,156.7836047,161.2550983
2016-03-16T00:00:00.000Z,161.3906442,166.0781768,158.0574891,161.5199518
2016-03-17T00:00:00.000Z,161.7466402,172.3599427,155.5387653,163.2637167
2016-03-18T00:00:00.000Z,162.9027081,167.2279013,151.0208969,157.4680228
2016-03-19T00:00:00.000Z,157.867089,162.9412452,153.048246,158.3619341
2016-03-20T00:00:00.000Z,158.1779363,169.3455044,153.618671,159.4275165
2016-03-21T00:00:00.000Z,159.293797,165.2777194,155.325591,162.0792869
2016-03-22T00:00:00.000Z,161.8952668,166.57954,158.7633741,162.6294065
2016-03-23T00:00:00.000Z,162.5969542,168.9115876,160.6514888,166.215814
2016-03-24T00:00:00.000Z,166.3969662,172.6810449,161.4706104,167.0676669
2016-03-25T00:00:00.000Z,167.484159,171.187191,162.862589,167.2530038
2016-03-26T00:00:00.000Z,167.3101123,173.7527343,163.6149678,170.1968985
2016-03-27T00:00:00.000Z,170.1589437,176.2119431,163.2692558,168.8603939
2016-03-28T00:00:00.000Z,168.6532656,174.7465178,163.7427186,169.1848906
2016-03-29T00:00:00.000Z,169.2053891,173.135494,164.1779225,168.6042822
2016-03-30T00:00:00.000Z,168.6419655,171.1499205,163.5028382,166.7871885
2016-03-31T00:00:00.000Z,166.8008998,170.3674548,164.0774382,166.7675095
2016-04-01T00:00:00.000Z,166.8730282,170.5389361,164.6648995,167.4920593
2016-04-02T00:00:00.000Z,167.4551804,172.8084226,165.4335046,169.451471
2016-04-03T00:00:00.000Z,169.5256755,173.1934379,166.3600622,170.6259414
2016-04-04T00:00:00.000Z,170.5227378,172.9392358,166.6697165,169.0471765
2016-04-05T00:00:00.000Z,166.9006116,168.7900585,161.3627416,163.9830782
2016-04-06T00:00:00.000Z,164.0762502,166.6357392,160.5031912,163.1594759
2016-04-07T00:00:00.000Z,163.2854641,165.3402811,158.6036013,160.2390984
2016-04-08T00:00:00.000Z,160.301432,163.3603905,155.9042055,157.7958798
2016-04-09T00:00:00.000Z,159.7102223,162.9225805,154.0385691,156.6378398
2016-04-10T00:00:00.000Z,156.7115863,158.74527,145.1685969,153.0437602
2016-04-11T00:00:00.000Z,153.053026,155.716904,147.8865516,152.1174305
2016-04-12T00:00:00.000Z,152.1964886,156.2814286,146.2985324,150.7812295
2016-04-13T00:00:00.000Z,150.6987425,155.9484804,146.8194463,151.5837612
2016-04-14T00:00:00.000Z,151.8377554,156.9100913,149.2724758,153.5033894
2016-04-15T00:00:00.000Z,153.6375078,156.6561255,150.2489296,153.1216113
2016-04-16T00:00:00.000Z,153.0816379,157.1383836,150.696477,154.5172981
2016-04-17T00:00:00.000Z,154.477082,159.3824028,152.0626984,155.5505004
2016-04-18T00:00:00.000Z,155.6005295,159.5171167,152.0424514,156.2719524
2016-04-19T00:00:00.000Z,156.4209643,160.2576541,153.3856429,157.028134
2016-04-20T00:00:00.000Z,156.9315383,160.8844246,153.8577672,157.3591275
2016-04-21T00:00:00.000Z,157.381161,161.9613979,153.7566772,157.027517
2016-04-22T00:00:00.000Z,157.1766545,159.0045407,153.2521463,155.2658009
2016-04-23T00:00:00.000Z,155.2089583,159.2376596,153.5018651,157.4934303
2016-04-24T00:00:00.000Z,157.5491043,162.0887199,154.2626215,158.4748834
2016-04-25T00:00:00.000Z,158.5834216,162.1576532,151.9997749,156.7414356
2016-04-26T00:00:00.000Z,156.6730477,160.2727864,151.7301646,155.8015913
2016-04-27T00:00:00.000Z,155.858509,160.8532351,149.4012304,152.420282
2016-04-28T00:00:00.000Z,152.5553292,155.3679133,147.74539,151.9040222
2016-04-29T00:00:00.000Z,152.0391175,157.0370069,149.923309,154.6944186
2016-04-30T00:00:00.000Z,154.690275,160.6520029,150.7342943,155.5987055
2016-05-01T00:00:00.000Z,155.3836682,159.6675453,152.6471676,156.6323884
2016-05-02T00:00:00.000Z,156.7587284,163.0772591,152.7203744,158.8579062
2016-05-03T00:00:00.000Z,158.7722964,161.9751884,153.5774903,156.530755
2016-05-04T00:00:00.000Z,156.6808905,160.2035509,153.7405919,155.6939427
2016-05-05T00:00:00.000Z,155.6150807,159.6068434,153.5084898,156.6842602
2016-05-06T00:00:00.000Z,156.7361963,161.3893401,152.6100723,157.2976287
2016-05-07T00:00:00.000Z,157.2713805,159.6238544,154.2853678,156.8243285
2016-05-08T00:00:00.000Z,156.6677667,159.1195628,152.8665424,156.3086076
2016-05-09T00:00:00.000Z,156.2487171,159.1338668,152.6008212,155.2914921
2016-05-10T00:00:00.000Z,155.2004602,159.9682515,150.684301,154.1166366
2016-05-11T00:00:00.000Z,154.525192,158.1973764,152.3201696,156.2362406
2016-05-12T00:00:00.000Z,156.2019021,159.7845859,153.5262954,156.6299491
2016-05-13T00:00:00.000Z,156.7120974,161.727108,154.4303062,157.7453364
2016-05-14T00:00:00.000Z,157.7529774,159.6300302,153.5629511,156.2302352
2016-05-15T00:00:00.000Z,156.4169558,159.2661985,154.2278555,156.2586953
2016-05-16T00:00:00.000Z,156.3516528,164.181483,154.3423058,160.4188414
2016-05-17T00:00:00.000Z,160.4401613,167.1392592,157.3244974,162.479927
2016-05-18T00:00:00.000Z,162.4178105,170.3353741,160.1374259,165.8306231
2016-05-19T00:00:00.000Z,165.8663652,173.5954081,161.0854547,167.846897
2016-05-20T00:00:00.000Z,167.8028502,174.4224846,162.2564093,166.884925
2016-05-21T00:00:00.000Z,167.0834272,171.0913186,163.4191676,168.6677188
2016-05-22T00:00:00.000Z,168.7274745,171.6230506,165.2660729,168.3296107
2016-05-23T00:00:00.000Z,168.1954505,171.7142715,162.6559858,165.8861337
2016-05-24T00:00:00.000Z,165.5481123,169.5399271,159.2308775,162.8653254
2016-05-25T00:00:00.000Z,162.9610234,165.5680217,157.1492751,161.6749337
2016-05-26T00:00:00.000Z,161.8961564,165.6099689,157.6709366,161.1184572
2016-05-27T00:00:00.000Z,160.9635883,168.1784242,153.2267708,161.8650458
2016-05-28T00:00:00.000Z,161.8636371,177.1977493,157.3176867,172.6466569
2016-05-29T00:00:00.000Z,172.8359151,182.1585469,167.3206868,174.0903369
2016-05-30T00:00:00.000Z,174.4739062,181.4986982,171.7529991,177.8357855
2016-05-31T00:00:00.000Z,177.9165228,186.9631449,172.4141054,179.9519036
2016-06-01T00:00:00.000Z,179.7666285,186.4179919,174.125304,182.2484012
2016-06-02T00:00:00.000Z,182.0363865,185.6562379,178.668216,182.3321963
2016-06-03T00:00:00.000Z,182.2224252,190.9931574,179.2957085,187.792679
2016-06-04T00:00:00.000Z,187.8293963,193.6248135,184.2202507,188.1762016
2016-06-05T00:00:00.000Z,188.3946815,193.5261568,184.8893223,188.6682899
2016-06-06T00:00:00.000Z,188.6617379,194.7850331,185.929425,191.0040124
2016-06-07T00:00:00.000Z,191.0450339,196.0696095,184.8568504,190.3745565
2016-06-08T00:00:00.000Z,190.5021065,195.9308137,186.8756296,191.8609827
2016-06-09T00:00:00.000Z,191.9081817,196.1745574,187.5324939,191.4773187
2016-06-10T00:00:00.000Z,191.6616297,195.627231,188.0950127,191.0213174
2016-06-11T00:00:00.000Z,191.2613518,198.2645904,188.6208609,196.6230056
2016-06-12T00:00:00.000Z,196.9351083,215.8343985,192.7205689,210.3519657
2016-06-13T00:00:00.000Z,210.3626511,225.6025239,205.268163,218.776793
2016-06-14T00:00:00.000Z,218.629555,233.4936824,209.2294948,224.1267018
2016-06-15T00:00:00.000Z,224.1685945,232.3612925,216.4409807,226.4389491
2016-06-16T00:00:00.000Z,226.8983706,263.1418905,223.6817868,244.5592464
2016-06-17T00:00:00.000Z,244.8998146,253.16237,216.1113998,229.7010363
2016-06-18T00:00:00.000Z,229.8483347,244.5495033,213.6339786,227.5783415
2016-06-19T00:00:00.000Z,227.2221861,243.2135243,220.3023834,234.5809646
2016-06-20T00:00:00.000Z,234.6562051,242.8283751,219.6812007,229.2733697
2016-06-21T00:00:00.000Z,228.8989161,236.5721551,202.289939,214.6084223
2016-06-22T00:00:00.000Z,214.3762121,228.5055791,193.2581802,197.4121567
2016-06-23T00:00:00.000Z,199.4338147,211.3213407,185.1590324,207.6993384
2016-06-24T00:00:00.000Z,208.0639719,228.3588176,201.833525,218.3566921
2016-06-25T00:00:00.000Z,217.850603,228.6150479,208.1370009,219.958628
2016-06-26T00:00:00.000Z,220.210997,226.2988363,206.4956488,214.2295281
2016-06-27T00:00:00.000Z,213.5661424,235.2333545,208.6943441,228.4425003
2016-06-28T00:00:00.000Z,229.3120513,247.8095455,217.2342927,230.6866585
2016-06-29T00:00:00.000Z,229.9293178,241.5098357,215.1754817,230.0113556
2016-06-30T00:00:00.000Z,229.5918233,245.4102566,219.8032395,237.1598159
2016-07-01T00:00:00.000Z,237.0365204,246.1267248,227.9023655,235.4351787
2016-07-02T00:00:00.000Z,235.6513639,246.4791043,231.2935254,241.5595806
2016-07-03T00:00:00.000Z,241.5706777,246.3546765,225.2110688,232.3665513
2016-07-04T00:00:00.000Z,232.5453706,246.9066091,227.3192404,237.9133491
2016-07-05T00:00:00.000Z,238.088937,241.3447655,223.1607771,230.8588664
2016-07-06T00:00:00.000Z,230.6457422,238.365934,226.7729924,231.8617669
2016-07-07T00:00:00.000Z,232.036726,238.7009782,210.903587,222.548313
2016-07-08T00:00:00.000Z,222.881093,237.8220047,217.4557066,233.2006868
2016-07-09T00:00:00.000Z,233.2116648,240.563008,220.1848496,232.4588315
2016-07-10T00:00:00.000Z,232.0287627,240.5155238,227.2303127,233.5471351
2016-07-11T00:00:00.000Z,233.4131984,249.3696346,227.7901656,241.404684
2016-07-12T00:00:00.000Z,241.8502109,283.9369023,236.9727699,276.733759
2016-07-13T00:00:00.000Z,274.9737031,321.0211746,261.3735339,298.5050395
2016-07-14T00:00:00.000Z,299.5788641,317.808579,282.2306203,298.4874433
2016-07-15T00:00:00.000Z,299.4371927,317.5478595,283.302382,293.6711518
2016-07-16T00:00:00.000Z,293.1805437,307.8061788,277.6718075,291.1271849
2016-07-17T00:00:00.000Z,290.8131447,304.7855134,280.5850512,293.0584153
2016-07-18T00:00:00.000Z,293.2586006,298.675935,272.5642622,276.915682
2016-07-19T00:00:00.000Z,277.0642884,319.7752032,270.1864,308.8940724
2016-07-20T00:00:00.000Z,309.1151927,323.6402253,294.8172527,304.3888886
2016-07-21T00:00:00.000Z,304.2827422,311.1042276,288.8250888,298.0964449
2016-07-22T00:00:00.000Z,298.0565679,309.4868596,286.1217249,297.5873706
2016-07-23T00:00:00.000Z,298.5266486,314.9480473,293.5643905,308.6629926
2016-07-24T00:00:00.000Z,309.2917844,313.6346982,291.8555929,298.9099079
2016-07-25T00:00:00.000Z,298.7390444,306.2841595,283.6561672,296.2310469
2016-07-26T00:00:00.000Z,296.9231469,299.5296573,269.8623907,277.0486983
2016-07-27T00:00:00.000Z,276.8440681,287.5467065,269.4619705,279.2537985
2016-07-28T00:00:00.000Z,279.3483588,285.2257892,273.6927165,277.6195587
2016-07-29T00:00:00.000Z,277.5957279,282.0918702,265.947835,271.1700807
2016-07-30T00:00:00.000Z,270.7993943,281.019222,266.9654125,273.921601
2016-07-31T00:00:00.000Z,274.6104462,279.4167094,258.5107509,263.5242998
2016-08-01T00:00:00.000Z,261.9448192,265.6615112,250.3210958,252.3384414
2016-08-02T00:00:00.000Z,252.81012,258.8001991,215.9112718,224.8322151
2016-08-03T00:00:00.000Z,225.8918787,241.6703061,221.2388342,235.9940018
2016-08-04T00:00:00.000Z,236.1097377,249.7909857,233.8963645,245.4022223
2016-08-05T00:00:00.000Z,245.5275373,251.7750994,239.8373386,247.124969
2016-08-06T00:00:00.000Z,246.9897864,255.837458,240.9960356,251.1588927
2016-08-07T00:00:00.000Z,251.1127007,257.8577187,245.2458597,250.7630812
2016-08-08T00:00:00.000Z,250.4714796,257.7761291,245.3830381,252.3940698
2016-08-09T00:00:00.000Z,252.4226982,262.5686832,246.5822,256.4139544
2016-08-10T00:00:00.000Z,256.2183261,265.2917601,251.2113303,256.9757619
2016-08-11T00:00:00.000Z,257.1060976,262.6271288,250.7408791,255.3398814
2016-08-12T00:00:00.000Z,255.1550741,266.030128,250.1757873,259.2345463
2016-08-13T00:00:00.000Z,259.3639957,266.0106449,252.9480581,258.2515009
2016-08-14T00:00:00.000Z,258.2250267,263.5946531,247.6929995,254.2398979
2016-08-15T00:00:00.000Z,254.1967036,262.5964486,247.2061606,255.4162923
2016-08-16T00:00:00.000Z,255.4023862,261.18104,248.0301931,255.2853121
2016-08-17T00:00:00.000Z,255.5812878,260.8359899,249.0899274,254.5879401
2016-08-18T00:00:00.000Z,254.6279,261.0497397,249.7918518,254.6565705
2016-08-19T00:00:00.000Z,254.5893438,259.6811893,250.9327525,254.3663403
2016-08-20T00:00:00.000Z,254.6490622,261.4909878,251.3283226,257.6271415
2016-08-21T00:00:00.000Z,256.8208163,263.7436968,252.0686683,259.1011091
2016-08-22T00:00:00.000Z,259.3189468,271.802164,250.2323344,259.230469
2016-08-23T00:00:00.000Z,259.277353,267.3298639,250.7425343,258.8004428
2016-08-24T00:00:00.000Z,258.7019117,263.7765562,252.7173099,257.5754026
2016-08-25T00:00:00.000Z,257.6727666,261.8595369,250.4286083,256.1192149
2016-08-26T00:00:00.000Z,256.0450741,261.8369504,252.649157,256.5255965
2016-08-27T00:00:00.000Z,256.4195472,260.7044833,250.2133804,254.736443
2016-08-28T00:00:00.000Z,254.7809957,270.3568918,249.8383491,266.3640297
2016-08-29T00:00:00.000Z,265.8555591,279.435388,258.6533399,268.4732118
2016-08-30T00:00:00.000Z,268.8272409,275.9589528,261.3532741,268.2060516
2016-08-31T00:00:00.000Z,268.4200981,274.4040676,260.5032526,268.7301617
2016-09-01T00:00:00.000Z,267.695163,272.7390863,261.4143915,265.7275268
2016-09-02T00:00:00.000Z,265.6348131,272.3196436,262.1880431,268.1089571
2016-09-03T00:00:00.000Z,268.0727671,278.6924377,260.7627418,270.2818822
2016-09-04T00:00:00.000Z,270.4806141,279.0980932,264.662234,274.0690363
2016-09-05T00:00:00.000Z,274.7009204,279.7966632,270.1381316,275.7541504
2016-09-06T00:00:00.000Z,275.7073415,284.4905748,268.5295607,273.9516982
2016-09-07T00:00:00.000Z,274.0273683,281.5042942,269.4229447,275.444458
2016-09-08T00:00:00.000Z,275.7141453,284.0396702,270.3387857,276.772683
2016-09-09T00:00:00.000Z,277.0401236,282.9922199,271.6046494,277.5770661
2016-09-10T00:00:00.000Z,277.1606217,284.0275558,273.7482427,278.6257083
2016-09-11T00:00:00.000Z,278.8763142,284.6772844,267.2226512,270.9667387
2016-09-12T00:00:00.000Z,270.850222,279.0543311,268.21682,274.9766707
2016-09-13T00:00:00.000Z,275.256433,280.6842364,271.3924565,275.6890569
2016-09-14T00:00:00.000Z,275.6169483,281.4800126,272.3224299,277.2320655
2016-09-15T00:00:00.000Z,276.4374913,289.8981269,270.8726249,281.7822097
2016-09-16T00:00:00.000Z,281.3939493,288.833483,273.3720191,280.6553265
2016-09-17T00:00:00.000Z,280.6228115,285.5419093,275.4365085,279.7227998
2016-09-18T00:00:00.000Z,279.7418429,284.8175438,273.8031618,278.7783747
2016-09-19T00:00:00.000Z,278.6704185,286.6284159,273.4079758,280.7973301
2016-09-20T00:00:00.000Z,280.7304822,293.1912617,276.8101342,285.9676233
2016-09-21T00:00:00.000Z,285.6279243,291.4440263,273.5178855,280.3403792
2016-09-22T00:00:00.000Z,280.2378712,283.66825,271.7362372,276.9490014
2016-09-23T00:00:00.000Z,276.9294849,282.9140838,272.9060014,278.8421413
2016-09-24T00:00:00.000Z,278.9854109,283.1717655,273.3035726,277.8349556
2016-09-25T00:00:00.000Z,277.6094393,283.6722321,274.4475523,280.0238068
2016-09-26T00:00:00.000Z,280.2316504,285.5590284,274.317924,278.7098519
2016-09-27T00:00:00.000Z,278.8445737,284.2130327,274.7882221,279.889126
2016-09-28T00:00:00.000Z,279.7968153,286.4197107,275.9589178,281.6721936
2016-09-29T00:00:00.000Z,281.7618235,285.2976644,275.1321583,279.08307
2016-09-30T00:00:00.000Z,278.9434513,286.3762531,275.1176753,281.2917212
2016-10-01T00:00:00.000Z,284.0294148,287.7562503,272.8981817,277.031958
2016-10-02T00:00:00.000Z,277.0209913,282.8003414,273.0073054,277.2829416
2016-10-03T00:00:00.000Z,277.2902346,283.0446632,273.1411463,277.1118712
2016-10-04T00:00:00.000Z,277.1014777,282.3852793,270.921342,275.299961
2016-10-05T00:00:00.000Z,275.5327199,281.0451574,268.5776058,273.8419528
2016-10-06T00:00:00.000Z,273.8244101,278.3372287,268.6646021,273.6978186
2016-10-07T00:00:00.000Z,273.3324894,277.7018257,266.5169864,271.0686974
2016-10-08T00:00:00.000Z,271.1744313,274.6937451,265.9147614,269.1365397
2016-10-09T00:00:00.000Z,269.2099071,273.739286,265.5444224,269.1268126
2016-10-10T00:00:00.000Z,269.3293265,273.8840536,262.738348,267.5001579
2016-10-11T00:00:00.000Z,267.5525387,280.3360886,261.7276363,272.0434879
2016-10-12T00:00:00.000Z,272.1245152,277.7039043,265.8276912,269.1408882
2016-10-13T00:00:00.000Z,269.0738159,275.1831406,264.1236466,269.3479972
2016-10-14T00:00:00.000Z,269.9329793,275.9005182,265.0365792,270.1593677
2016-10-15T00:00:00.000Z,270.0674286,274.8526105,263.5663951,267.7484067
2016-10-16T00:00:00.000Z,267.7738981,273.3934725,263.9233634,268.6461431
2016-10-17T00:00:00.000Z,268.7443114,272.3813442,261.9142165,266.2523623
2016-10-18T00:00:00.000Z,266.2994598,274.1627872,261.4640948,267.7928531
2016-10-19T00:00:00.000Z,267.9210028,273.4138253,261.2348438,265.2011465
2016-10-20T00:00:00.000Z,265.4134374,271.789178,261.0659094,266.4780517
2016-10-21T00:00:00.000Z,266.3377295,270.8287749,262.5932982,267.5898515
2016-10-22T00:00:00.000Z,267.6037373,276.3795143,262.2842927,271.4863244
2016-10-23T00:00:00.000Z,271.4375474,276.7835413,266.0754342,271.9027416
2016-10-24T00:00:00.000Z,271.933708,277.4144517,266.7792011,270.9633107
2016-10-25T00:00:00.000Z,271.0596516,276.4093628,262.8161973,268.5978334
2016-10-26T00:00:00.000Z,268.5163789,277.1000078,262.9711693,270.5358789
2016-10-27T00:00:00.000Z,270.6567206,277.2067126,264.2596748,270.2873675
2016-10-28T00:00:00.000Z,270.2724832,274.1336677,260.3870352,264.3751783
2016-10-29T00:00:00.000Z,264.5744496,274.6217674,248.7000704,261.9030981
2016-10-30T00:00:00.000Z,261.9077188,272.0887455,255.5706982,266.3516301
2016-10-31T00:00:00.000Z,266.5626676,272.5700541,258.2883947,262.9419696
2016-11-01T00:00:00.000Z,264.8960251,276.1939826,256.7315055,266.780654
2016-11-02T00:00:00.000Z,267.3125297,274.8780248,260.2203042,267.3442537
2016-11-03T00:00:00.000Z,268.1521872,276.2602241,253.1987395,259.2027632
2016-11-04T00:00:00.000Z,259.5913826,273.2355811,255.7897722,266.8735413
2016-11-05T00:00:00.000Z,266.8600688,282.2767631,262.6259227,274.4851699
2016-11-06T00:00:00.000Z,274.3775862,280.9230484,267.8082832,274.018843
2016-11-07T00:00:00.000Z,274.014127,281.7598081,263.4822827,271.5542603
2016-11-08T00:00:00.000Z,271.8918237,279.4137672,265.1943186,270.8425344
2016-11-09T00:00:00.000Z,270.8598794,281.2329562,260.8069276,270.5770266
2016-11-10T00:00:00.000Z,270.5151012,276.3985122,264.0704386,268.0585213
2016-11-11T00:00:00.000Z,268.356406,276.6198208,262.9667022,269.8401235
2016-11-12T00:00:00.000Z,269.5249716,276.8537693,262.697714,267.7507421
2016-11-13T00:00:00.000Z,267.8169278,276.534075,260.8237373,267.8877462
2016-11-14T00:00:00.000Z,267.5122261,274.3925489,263.1729873,267.9935371
2016-11-15T00:00:00.000Z,268.246536,274.5575175,262.0626799,267.4209842
2016-11-16T00:00:00.000Z,267.6134936,276.3462306,257.7781159,267.1628725
2016-11-17T00:00:00.000Z,267.4852094,272.9015296,261.2811522,265.5317576
2016-11-18T00:00:00.000Z,265.4560976,272.8737157,258.7706867,265.3424267
2016-11-19T00:00:00.000Z,265.7884253,271.1248293,259.9895159,265.7270819
2016-11-20T00:00:00.000Z,266.016902,270.345243,255.4457595,260.5434417
2016-11-21T00:00:00.000Z,260.6292067,266.2274926,257.9884753,262.6032573
2016-11-22T00:00:00.000Z,262.8132414,272.6405568,258.6266742,266.073696
2016-11-23T00:00:00.000Z,266.0685446,270.648465,259.956238,264.8643462
2016-11-24T00:00:00.000Z,264.7649316,269.5411802,255.2432075,261.7584583
2016-11-25T00:00:00.000Z,261.8978653,270.4624385,256.1940603,262.936676
2016-11-26T00:00:00.000Z,262.8621529,267.9891934,256.0804955,261.9770983
2016-11-27T00:00:00.000Z,262.3071804,270.6104715,256.7320345,263.0634653
2016-11-28T00:00:00.000Z,263.1747968,270.1338424,257.9229501,262.5657838
2016-11-29T00:00:00.000Z,262.8125997,265.5614775,253.0718247,258.4178938
2016-11-30T00:00:00.000Z,258.6323305,268.6443631,253.705448,262.6516138
2016-12-01T00:00:00.000Z,262.7700254,267.8803488,256.6270455,261.2492015
2016-12-02T00:00:00.000Z,261.6949862,269.8132017,251.4018927,260.8910913
2016-12-03T00:00:00.000Z,260.9496558,268.9884646,255.1969116,262.9798973
2016-12-04T00:00:00.000Z,262.7601019,268.1311022,255.5433887,260.034605
2016-12-05T00:00:00.000Z,259.9702401,268.5256271,246.9069896,256.180656
2016-12-06T00:00:00.000Z,256.0055412,273.2815994,244.4989974,262.8761828
2016-12-07T00:00:00.000Z,262.7224881,274.0025069,252.7231018,268.3963283
2016-12-08T00:00:00.000Z,268.4351945,277.5008245,261.2202802,267.9881517
2016-12-09T00:00:00.000Z,267.6175361,275.14574,263.9685753,270.049409
2016-12-10T00:00:00.000Z,269.7781715,274.6317203,263.1641322,266.4859357
2016-12-11T00:00:00.000Z,266.4874376,272.7453761,260.8469445,266.6900803
2016-12-12T00:00:00.000Z,266.7608984,273.7615076,263.3713784,269.2657704
2016-12-13T00:00:00.000Z,268.8134024,275.4412178,263.3458704,268.1985627
2016-12-14T00:00:00.000Z,268.1379382,276.347891,263.6672463,270.8395299
2016-12-15T00:00:00.000Z,270.5998682,278.6563037,264.3428678,271.1648729
2016-12-16T00:00:00.000Z,271.4657836,279.2208721,267.3335139,274.9980488
2016-12-17T00:00:00.000Z,274.9195126,279.0567097,266.7177079,272.4565112
2016-12-18T00:00:00.000Z,272.3963163,279.9490437,268.3737145,275.212984
2016-12-19T00:00:00.000Z,275.3698623,281.8562707,268.8288297,275.4614088
2016-12-20T00:00:00.000Z,275.4244328,282.3609691,269.9205143,273.8803692
2016-12-21T00:00:00.000Z,273.7673558,285.520069,267.6502312,278.5088988
2016-12-22T00:00:00.000Z,278.7101605,289.7211867,269.3047897,280.5403675
2016-12-23T00:00:00.000Z,280.4602919,298.8927247,272.1906828,289.5501726
2016-12-24T00:00:00.000Z,289.5364764,296.7558429,279.0984829,287.203167
2016-12-25T00:00:00.000Z,287.1894363,290.53886,274.6482515,283.8184791
2016-12-26T00:00:00.000Z,283.7676767,292.5079024,279.635065,287.0741555
2016-12-27T00:00:00.000Z,287.3054212,299.2522728,280.0194011,290.6866823
2016-12-28T00:00:00.000Z,291.343295,307.5855634,285.9836467,300.7159686
2016-12-29T00:00:00.000Z,300.844366,319.3511163,293.2565744,312.3713332
2016-12-30T00:00:00.000Z,312.6554086,321.5660169,300.4071052,312.3025877
2016-12-31T00:00:00.000Z,311.9342378,318.2777487,301.1793803,309.6529107
2017-01-01T00:00:00.000Z,310.0892307,324.2133233,304.0216849,315.7443621
2017-01-02T00:00:00.000Z,316.0533987,330.6717589,309.5187355,323.0697979
2017-01-03T00:00:00.000Z,323.1281977,341.6011125,317.3517004,334.7539005
2017-01-04T00:00:00.000Z,334.8270737,375.5560819,331.3106458,371.6457868
2017-01-05T00:00:00.000Z,372.5541492,387.6735255,303.6444259,334.1145677
2017-01-06T00:00:00.000Z,334.6334753,345.7025545,296.2587056,308.4088142
2017-01-07T00:00:00.000Z,308.8108386,313.6751671,282.2154417,307.7302529
2017-01-08T00:00:00.000Z,307.509938,319.629466,299.6294977,309.3162198
2017-01-09T00:00:00.000Z,309.9673751,317.0703811,298.3557639,308.9952896
2017-01-10T00:00:00.000Z,308.9904791,320.1738533,305.6133517,313.7325942
2017-01-11T00:00:00.000Z,313.5544633,318.2376943,269.5855801,276.3525146
2017-01-12T00:00:00.000Z,275.8697278,296.3510959,266.870767,287.8609331
2017-01-13T00:00:00.000Z,287.4900722,298.4008233,277.0094804,291.495273
2017-01-14T00:00:00.000Z,291.9863166,299.3244101,285.5414337,292.2780838
2017-01-15T00:00:00.000Z,292.6404212,300.3968141,286.2601053,294.6432195
2017-01-16T00:00:00.000Z,294.363151,304.1438775,288.0895203,296.5720846
2017-01-17T00:00:00.000Z,296.6657044,320.4496152,292.5624735,314.6989142
2017-01-18T00:00:00.000Z,314.860861,320.7775173,298.7228262,310.6691904
2017-01-19T00:00:00.000Z,310.8941655,319.8348209,305.2778478,314.1952241
2017-01-20T00:00:00.000Z,313.9427663,322.0624928,307.4367672,314.2017747
2017-01-21T00:00:00.000Z,314.3456308,328.4144939,312.4182649,322.4794217
2017-01-22T00:00:00.000Z,322.3839998,330.3669887,313.5968968,322.4632711
2017-01-23T00:00:00.000Z,322.7541669,330.9921397,318.3696146,325.7022897
2017-01-24T00:00:00.000Z,323.5514043,328.8586369,313.6023668,316.3617146
2017-01-25T00:00:00.000Z,316.2359687,326.2438127,311.678213,319.1642481
2017-01-26T00:00:00.000Z,319.8078053,333.9770627,315.4138804,325.4647895
2017-01-27T00:00:00.000Z,325.565285,334.0711365,319.4149819,325.4780946
2017-01-28T00:00:00.000Z,325.6298819,335.0813818,321.4545506,328.1142982
2017-01-29T00:00:00.000Z,328.3173465,336.6946278,324.3478642,330.9664172
2017-01-30T00:00:00.000Z,331.1026745,338.1748846,327.635324,332.9766452
2017-01-31T00:00:00.000Z,332.9491924,345.7771545,325.9127832,340.5561743
2017-02-01T00:00:00.000Z,339.9987576,348.3730661,335.391265,343.4140188
2017-02-02T00:00:00.000Z,343.5122091,354.3157648,336.2841619,348.4922314
2017-02-03T00:00:00.000Z,348.7640126,359.8906161,342.5191045,353.8744134
2017-02-04T00:00:00.000Z,354.3749809,369.9461191,347.9803489,357.5349306
2017-02-05T00:00:00.000Z,357.843869,361.1304016,348.2024492,353.1662095
2017-02-06T00:00:00.000Z,353.4884043,362.3077837,349.6658919,357.4861152
2017-02-07T00:00:00.000Z,358.1092167,369.059272,352.7990089,362.0799284
2017-02-08T00:00:00.000Z,362.9075257,373.0791727,352.0643495,361.5147444
2017-02-09T00:00:00.000Z,362.0692552,369.9697941,326.5784021,340.4919704
2017-02-10T00:00:00.000Z,340.7265567,345.6118504,325.013824,338.7593075
2017-02-11T00:00:00.000Z,338.8622847,349.3274962,335.4370008,344.6099047
2017-02-12T00:00:00.000Z,344.5042336,348.0489065,337.1718252,342.6372284
2017-02-13T00:00:00.000Z,342.6774859,347.1637159,331.2412133,336.5721771
2017-02-14T00:00:00.000Z,337.0395622,356.3722137,333.3257224,348.9395181
2017-02-15T00:00:00.000Z,349.6945675,357.5791817,343.4340985,352.6795394
2017-02-16T00:00:00.000Z,352.412418,360.5968416,345.9781618,353.7896045
2017-02-17T00:00:00.000Z,352.9105738,362.4074507,347.720467,355.5853833
2017-02-18T00:00:00.000Z,356.5861668,365.0908157,348.3035025,355.8266771
2017-02-19T00:00:00.000Z,356.1822469,361.7294918,348.321371,354.423909
2017-02-20T00:00:00.000Z,354.6665954,362.9251315,345.9588672,355.0110293
2017-02-21T00:00:00.000Z,354.2506008,364.6900153,346.0657049,357.3941045
2017-02-22T00:00:00.000Z,357.4960822,365.4284693,351.0875312,359.4262765
2017-02-23T00:00:00.000Z,359.2565426,377.4995276,355.6131068,371.4748135
2017-02-24T00:00:00.000Z,372.6355399,382.9164525,355.0596375,369.5362788
2017-02-25T00:00:00.000Z,368.6789488,375.4866716,354.1714312,365.2162077
2017-02-26T00:00:00.000Z,365.1717571,376.8310026,358.8618881,373.4694488
2017-02-27T00:00:00.000Z,373.1328172,382.938359,368.3555764,378.1420993
2017-02-28T00:00:00.000Z,378.5559815,389.9531062,370.0773979,381.5481536
2017-03-01T00:00:00.000Z,387.2725323,410.363728,380.0382902,400.9408149
2017-03-02T00:00:00.000Z,401.2911487,429.089443,389.2703018,411.7161596
2017-03-03T00:00:00.000Z,412.2883106,433.5341172,404.5859079,421.9508
2017-03-04T00:00:00.000Z,422.4639023,433.6205192,407.2234845,416.9606707
2017-03-05T00:00:00.000Z,415.9884568,433.0900166,407.9968672,426.573681
2017-03-06T00:00:00.000Z,425.633269,438.1209751,419.1085029,429.2985884
2017-03-07T00:00:00.000Z,430.2345084,436.3139392,406.6348378,416.2549947
2017-03-08T00:00:00.000Z,416.0988524,420.7398527,385.790457,388.4383158
2017-03-09T00:00:00.000Z,388.337626,409.8300956,382.5000697,402.3528042
2017-03-10T00:00:00.000Z,401.9149798,425.8572162,370.7419952,390.5043315
2017-03-11T00:00:00.000Z,390.5497281,427.3342602,387.4789635,419.167935
2017-03-12T00:00:00.000Z,419.1726424,447.6616852,412.552034,440.6050928
2017-03-13T00:00:00.000Z,440.9135104,485.9952561,433.3699841,467.4096263
2017-03-14T00:00:00.000Z,467.3250423,489.5023752,453.4267446,473.8958998
2017-03-15T00:00:00.000Z,473.9924277,510.8587677,465.4767157,501.8979321
2017-03-16T00:00:00.000Z,503.3782311,555.8504978,472.826558,525.7486301
2017-03-17T00:00:00.000Z,523.192539,565.4668008,471.1534048,509.9832493
2017-03-18T00:00:00.000Z,510.3305802,553.5939578,436.9703405,463.4867178
2017-03-19T00:00:00.000Z,466.7446298,543.2479357,459.3294173,517.5444125
2017-03-20T00:00:00.000Z,518.0045598,550.7633182,498.948528,524.6619886
2017-03-21T00:00:00.000Z,524.9471908,564.7759023,507.6347773,540.5184772
2017-03-22T00:00:00.000Z,540.9108984,558.4744409,499.1778195,529.903837
2017-03-23T00:00:00.000Z,530.461753,557.3358757,511.1229527,540.8470587
2017-03-24T00:00:00.000Z,540.5201368,577.0188844,504.8925126,537.3454418
2017-03-25T00:00:00.000Z,537.976462,559.022261,502.8455169,533.9678435
2017-03-26T00:00:00.000Z,533.0744475,570.8429262,517.6996674,537.2902526
2017-03-27T00:00:00.000Z,541.2830967,576.2395895,517.4719775,546.3990308
2017-03-28T00:00:00.000Z,545.115926,600.6830166,530.0376737,574.8327755
2017-03-29T00:00:00.000Z,574.764829,608.3960474,549.1864347,583.9628958
2017-03-30T00:00:00.000Z,584.7285623,643.9204068,561.2200294,615.5608446
2017-03-31T00:00:00.000Z,611.2720603,682.308515,577.4866615,648.5416093
2017-04-01T00:00:00.000Z,656.2850425,685.657424,630.8803792,665.2388662
2017-04-02T00:00:00.000Z,665.1089657,764.8387683,622.2840392,712.7844892
2017-04-03T00:00:00.000Z,712.1566186,759.2601661,627.2835571,677.0476202
2017-04-04T00:00:00.000Z,677.1220185,715.8233712,637.329582,684.3782705
2017-04-05T00:00:00.000Z,684.6945935,727.1488501,662.2662716,695.5103383
2017-04-06T00:00:00.000Z,695.958928,727.7964689,647.9738718,689.073683
2017-04-07T00:00:00.000Z,687.9275086,709.2954768,658.0227501,681.4240985
2017-04-08T00:00:00.000Z,679.4027851,716.8667608,669.5437515,700.3697395
2017-04-09T00:00:00.000Z,700.4483631,721.0217952,672.1228163,689.735508
2017-04-10T00:00:00.000Z,690.4646246,710.6674578,670.6795609,693.9922662
2017-04-11T00:00:00.000Z,694.324124,724.3716676,679.3867356,703.5654042
2017-04-12T00:00:00.000Z,703.5825958,745.497953,691.3339023,733.5151488
2017-04-13T00:00:00.000Z,733.9051143,781.8965359,710.9258146,745.9621702
2017-04-14T00:00:00.000Z,745.6818915,763.9069459,709.5566652,732.5171843
2017-04-15T00:00:00.000Z,732.0926632,796.0346663,723.3011576,766.6828116
2017-04-16T00:00:00.000Z,766.5957272,793.2369973,744.351688,766.1825079
2017-04-17T00:00:00.000Z,764.8438,791.8204598,745.5554431,771.3270981
2017-04-18T00:00:00.000Z,771.2711492,811.920695,756.3270593,793.0359203
2017-04-19T00:00:00.000Z,793.3235963,827.7536218,763.2143785,787.113229
2017-04-20T00:00:00.000Z,786.8286054,818.4062542,756.7955075,786.3757636
2017-04-21T00:00:00.000Z,785.227014,815.3753914,764.7566496,794.27103
2017-04-22T00:00:00.000Z,795.0850555,817.8689404,774.4675358,801.0799372
2017-04-23T00:00:00.000Z,800.525739,821.4408616,775.746906,795.9150846
2017-04-24T00:00:00.000Z,797.7294338,846.5638039,787.5684126,833.3884101
2017-04-25T00:00:00.000Z,833.4070933,867.2564417,815.3567,840.7682268
2017-04-26T00:00:00.000Z,840.8162341,894.8503894,826.8624851,869.7878653
2017-04-27T00:00:00.000Z,870.1397455,943.215541,843.0801504,915.3887744
2017-04-28T00:00:00.000Z,915.4039879,981.9467558,891.1894784,963.0189119
2017-04-29T00:00:00.000Z,966.9654295,1047.302493,948.6107971,1016.230284
2017-04-30T00:00:00.000Z,1016.238368,1091.728054,994.0056006,1063.701427
2017-05-01T00:00:00.000Z,1066.856893,1142.677827,1007.073679,1066.813106
2017-05-02T00:00:00.000Z,1067.099509,1113.766979,1021.392872,1073.488266
2017-05-03T00:00:00.000Z,1072.930882,1140.359552,1050.087018,1122.378252
2017-05-04T00:00:00.000Z,1125.138528,1278.63226,1113.108875,1228.909028
2017-05-05T00:00:00.000Z,1231.586671,1374.429333,1204.629404,1272.820009
2017-05-06T00:00:00.000Z,1275.471894,1350.57501,1242.95369,1327.78511
2017-05-07T00:00:00.000Z,1328.353103,1481.506525,1280.161748,1413.318918
2017-05-08T00:00:00.000Z,1416.787547,1639.308346,1345.105868,1530.043356
2017-05-09T00:00:00.000Z,1533.678912,1633.300962,1309.22034,1448.172608
2017-05-10T00:00:00.000Z,1448.983199,1579.71452,1392.944995,1500.181984
2017-05-11T00:00:00.000Z,1499.948097,1596.847979,1423.865838,1507.998188
2017-05-12T00:00:00.000Z,1507.261058,1603.798124,1420.92252,1491.928802
2017-05-13T00:00:00.000Z,1491.322336,1574.351541,1406.57066,1533.057883
2017-05-14T00:00:00.000Z,1533.381761,1601.46856,1501.715814,1562.253993
2017-05-15T00:00:00.000Z,1562.577532,1651.999854,1473.17029,1574.536753
2017-05-16T00:00:00.000Z,1572.318354,1717.400652,1499.994357,1636.831273
2017-05-17T00:00:00.000Z,1636.034816,1881.925298,1535.834168,1797.267622
2017-05-18T00:00:00.000Z,1790.453394,2019.156683,1678.474675,1906.596917
2017-05-19T00:00:00.000Z,1904.234013,2147.54352,1789.141187,2003.21809
2017-05-20T00:00:00.000Z,2003.702077,2238.203818,1937.4407,2150.861262
2017-05-21T00:00:00.000Z,2150.301412,2456.854144,2073.961194,2321.105308
2017-05-22T00:00:00.000Z,2323.765055,2719.779345,2103.726852,2406.203214
2017-05-23T00:00:00.000Z,2398.13987,2774.710871,2340.302074,2669.18325
2017-05-24T00:00:00.000Z,2674.046689,3069.856875,2490.700489,2692.989368
2017-05-25T00:00:00.000Z,2687.179636,2959.842504,2301.250284,2380.411152
2017-05-26T00:00:00.000Z,2380.241287,2808.541002,2082.408699,2238.206405
2017-05-27T00:00:00.000Z,2227.222543,2386.426349,1671.052256,2117.871856
2017-05-28T00:00:00.000Z,2133.570537,2425.942779,2044.504051,2259.208748
2017-05-29T00:00:00.000Z,2253.872786,2468.975474,2160.982143,2391.272042
2017-05-30T00:00:00.000Z,2394.416209,2631.432728,2252.848651,2418.659582
2017-05-31T00:00:00.000Z,2428.722966,2617.941202,2300.200664,2528.609309
2017-06-01T00:00:00.000Z,2569.621106,2809.162223,2513.253154,2698.599889
2017-06-02T00:00:00.000Z,2699.043969,2890.118497,2636.166435,2828.136148
2017-06-03T00:00:00.000Z,2829.305578,2972.990864,2698.588117,2837.332179
2017-06-04T00:00:00.000Z,2846.491281,2985.151394,2739.035075,2902.262484
2017-06-05T00:00:00.000Z,2903.250426,3149.58164,2868.881241,3100.896618
2017-06-06T00:00:00.000Z,3104.801188,3434.212276,2981.908302,3306.102546
2017-06-07T00:00:00.000Z,3305.055477,3520.839112,3104.322268,3196.761566
2017-06-08T00:00:00.000Z,3201.502606,3398.514747,3112.716967,3343.921009
2017-06-09T00:00:00.000Z,3345.781559,3569.028753,3289.009428,3454.815155
2017-06-10T00:00:00.000Z,3473.319723,3768.259319,3293.661287,3561.535194
2017-06-11T00:00:00.000Z,3559.775593,3820.728011,3396.893709,3692.885087
2017-06-12T00:00:00.000Z,3691.697042,3923.248675,3192.379846,3491.909743
2017-06-13T00:00:00.000Z,3484.345009,3771.760673,3405.961035,3659.295593
2017-06-14T00:00:00.000Z,3660.524918,3812.241849,3204.169529,3356.796601
2017-06-15T00:00:00.000Z,3352.06919,3420.087323,2846.974724,3314.751413
2017-06-16T00:00:00.000Z,3314.949447,3472.769095,3170.591681,3419.319082
2017-06-17T00:00:00.000Z,3417.884245,3687.191586,3355.494949,3609.739535
2017-06-18T00:00:00.000Z,3609.945041,3726.189066,3449.471654,3562.183489
2017-06-19T00:00:00.000Z,3563.82032,3888.47872,3524.172664,3756.66105
2017-06-20T00:00:00.000Z,3757.479441,3970.044973,3555.748004,3735.66584
2017-06-21T00:00:00.000Z,3731.321037,3865.384051,3470.182188,3640.143578
2017-06-22T00:00:00.000Z,3646.145054,3777.739827,3537.813785,3682.2838
2017-06-23T00:00:00.000Z,3680.325246,3898.07468,3605.501669,3799.719613
2017-06-24T00:00:00.000Z,3796.951541,3879.929566,3559.685518,3622.040366
2017-06-25T00:00:00.000Z,3616.202094,3726.242538,3314.682084,3460.919307
2017-06-26T00:00:00.000Z,3460.566216,3552.406847,2886.870463,3202.975047
2017-06-27T00:00:00.000Z,3212.106464,3365.762617,2827.145101,3330.089836
2017-06-28T00:00:00.000Z,3343.875641,3555.815884,3189.060316,3497.926684
2017-06-29T00:00:00.000Z,3492.965612,3538.798774,3275.673034,3332.47671
2017-06-30T00:00:00.000Z,3332.306547,3435.44524,3197.212594,3250.321098
2017-07-01T00:00:00.000Z,3247.051921,3326.975586,3007.454771,3078.353395
2017-07-02T00:00:00.000Z,3076.256889,3232.175986,2934.534461,3172.7239
2017-07-03T00:00:00.000Z,3164.948467,3320.743335,3079.12018,3236.912665
2017-07-04T00:00:00.000Z,3232.214708,3413.784971,3181.964425,3290.918921
2017-07-05T00:00:00.000Z,3289.268678,3369.1042,3151.236029,3273.324877
2017-07-06T00:00:00.000Z,3275.512886,3362.202016,3171.866794,3254.965129
2017-07-07T00:00:00.000Z,3256.327706,3350.71928,2899.953474,2936.510501
2017-07-08T00:00:00.000Z,2936.200023,3099.687453,2770.56643,3030.139134
2017-07-09T00:00:00.000Z,3033.313824,3117.920884,2875.525084,2886.835427
2017-07-10T00:00:00.000Z,2893.16886,2925.078285,2357.918998,2506.609355
2017-07-11T00:00:00.000Z,2484.529253,2585.471149,2203.234602,2360.715285
2017-07-12T00:00:00.000Z,2352.553708,2699.612847,2251.411823,2674.164345
2017-07-13T00:00:00.000Z,2684.477004,2772.574316,2430.389439,2522.326197
2017-07-14T00:00:00.000Z,2521.963981,2537.891863,2248.051558,2348.478165
2017-07-15T00:00:00.000Z,2348.570442,2359.654607,2045.515133,2082.779029
2017-07-16T00:00:00.000Z,2074.46468,2150.094389,1756.655442,1973.385581
2017-07-17T00:00:00.000Z,1983.086605,2378.695737,1957.673349,2358.623357
2017-07-18T00:00:00.000Z,2367.696088,2699.93578,2234.657478,2535.01034
2017-07-19T00:00:00.000Z,2539.486387,2635.516023,2288.161165,2341.070717
2017-07-20T00:00:00.000Z,2352.796072,2852.152841,2344.057013,2767.3818
2017-07-21T00:00:00.000Z,2781.389049,2882.277896,2631.680129,2716.051045
2017-07-22T00:00:00.000Z,2715.98981,3011.220181,2697.092756,2957.05228
2017-07-23T00:00:00.000Z,2957.775431,3025.316061,2731.640406,2860.443705
2017-07-24T00:00:00.000Z,2860.69606,2954.204003,2772.09336,2887.046196
2017-07-25T00:00:00.000Z,2889.925445,2923.254827,2479.213656,2608.537622
2017-07-26T00:00:00.000Z,2609.883466,2688.877102,2454.887357,2593.584684
2017-07-27T00:00:00.000Z,2604.818491,2706.574724,2557.056361,2651.48119
2017-07-28T00:00:00.000Z,2655.731251,2742.346334,2500.242339,2600.800858
2017-07-29T00:00:00.000Z,2595.628916,2678.748958,2445.248582,2633.367816
2017-07-30T00:00:00.000Z,2634.316396,2670.031723,2502.415161,2556.326604
2017-07-31T00:00:00.000Z,2556.769252,2659.877081,2486.392999,2618.434304
2017-08-01T00:00:00.000Z,2599.103422,2816.712041,2497.181853,2727.450542
2017-08-02T00:00:00.000Z,2728.731759,2848.555202,2640.016382,2744.081103
2017-08-03T00:00:00.000Z,2747.610167,2904.794458,2708.045957,2854.083704
2017-08-04T00:00:00.000Z,2857.488535,2973.609267,2786.287149,2895.141808
2017-08-05T00:00:00.000Z,2896.07755,3247.185412,2859.1983,3178.557168
2017-08-06T00:00:00.000Z,3181.080535,3316.139975,3071.747329,3172.65676
2017-08-07T00:00:00.000Z,3169.105715,3376.684283,3085.502939,3293.266369
2017-08-08T00:00:00.000Z,3292.526246,3530.919527,3205.909126,3438.41155
2017-08-09T00:00:00.000Z,3439.403399,3557.390165,3245.834448,3407.751216
2017-08-10T00:00:00.000Z,3406.741882,3640.263893,3298.065747,3471.12412
2017-08-11T00:00:00.000Z,3468.041785,3717.834236,3351.466575,3604.495281
2017-08-12T00:00:00.000Z,3603.399598,3801.204546,3456.410952,3639.882129
2017-08-13T00:00:00.000Z,3637.697425,3869.73908,3417.476554,3639.852795
2017-08-14T00:00:00.000Z,3647.198527,3866.932214,3497.481653,3721.835169
2017-08-15T00:00:00.000Z,3723.995318,3845.875539,3368.27374,3647.270417
2017-08-16T00:00:00.000Z,3649.493498,3865.42418,3517.505282,3775.646161
2017-08-17T00:00:00.000Z,3775.70439,3887.747795,3600.990723,3677.032394
2017-08-18T00:00:00.000Z,3671.524671,3792.164722,3374.614633,3548.016107
2017-08-19T00:00:00.000Z,3545.496832,3799.935045,3350.86137,3671.048548
2017-08-20T00:00:00.000Z,3658.716049,3884.469982,3558.871806,3735.736566
2017-08-21T00:00:00.000Z,3719.81748,4025.283324,3535.064723,3758.551846
2017-08-22T00:00:00.000Z,3763.285872,3983.189641,3436.261693,3854.083901
2017-08-23T00:00:00.000Z,3852.921824,4223.286224,3767.206929,3955.587988
2017-08-24T00:00:00.000Z,3964.03768,4231.45453,3833.708883,4037.397985
2017-08-25T00:00:00.000Z,4031.400996,4260.277403,3855.53258,4094.533358
2017-08-26T00:00:00.000Z,4091.740857,4412.977697,3979.920098,4279.975743
2017-08-27T00:00:00.000Z,4282.891808,4509.393038,4128.24732,4325.01296
2017-08-28T00:00:00.000Z,4332.197708,4511.562155,4099.143197,4365.13644
2017-08-29T00:00:00.000Z,4369.876871,4530.350876,4161.904921,4375.337013
2017-08-30T00:00:00.000Z,4367.591499,4586.659846,4223.422728,4486.69409
2017-08-31T00:00:00.000Z,4479.897857,4751.22982,4416.578439,4650.546113
2017-09-01T00:00:00.000Z,4631.642866,4932.730694,4516.730753,4833.253043
2017-09-02T00:00:00.000Z,4834.695756,4950.994894,4167.054994,4365.231797
2017-09-03T00:00:00.000Z,4379.510608,4581.762327,4152.421894,4387.21165
2017-09-04T00:00:00.000Z,4387.002849,4402.415679,3549.231032,3794.065466
2017-09-05T00:00:00.000Z,3799.754607,4104.602238,3450.923043,4015.336005
2017-09-06T00:00:00.000Z,4021.540373,4402.536069,3984.59953,4335.668929
2017-09-07T00:00:00.000Z,4330.443041,4436.220432,4128.514714,4279.805242
2017-09-08T00:00:00.000Z,4283.282386,4396.028086,3678.72618,3858.483576
2017-09-09T00:00:00.000Z,3855.025505,3931.563305,3705.823421,3824.178895
2017-09-10T00:00:00.000Z,3818.55097,3858.965304,3455.993818,3700.873159
2017-09-11T00:00:00.000Z,3701.990707,3877.67299,3616.159145,3746.851763
2017-09-12T00:00:00.000Z,3753.178986,3964.844903,3647.53258,3717.128356
2017-09-13T00:00:00.000Z,3712.449322,3734.339496,3323.831474,3510.752624
2017-09-14T00:00:00.000Z,3508.915765,3575.995331,2684.550786,2695.308206
2017-09-15T00:00:00.000Z,2706.928095,3247.194289,2389.691228,3118.382355
2017-09-16T00:00:00.000Z,3120.455823,3297.218109,2940.90488,3098.465479
2017-09-17T00:00:00.000Z,3091.164555,3176.117672,2904.684436,3095.274078
2017-09-18T00:00:00.000Z,3096.109901,3556.40107,3093.921169,3524.673131
2017-09-19T00:00:00.000Z,3529.405944,3557.866808,3282.968138,3357.643529
2017-09-20T00:00:00.000Z,3351.482507,3468.267711,3268.668499,3345.792424
2017-09-21T00:00:00.000Z,3335.668301,3380.232737,3006.603137,3054.407245
2017-09-22T00:00:00.000Z,3053.540795,3201.099754,2983.038044,3097.606342
2017-09-23T00:00:00.000Z,3095.894661,3302.784484,3055.45277,3273.169117
2017-09-24T00:00:00.000Z,3272.529408,3307.975206,3149.308336,3191.441418
2017-09-25T00:00:00.000Z,3189.904182,3437.826645,3174.78485,3399.425535
2017-09-26T00:00:00.000Z,3401.618409,3498.89096,3323.786934,3401.042071
2017-09-27T00:00:00.000Z,3393.799098,3764.283895,3380.394075,3715.031858
2017-09-28T00:00:00.000Z,3709.048036,3853.833437,3563.331003,3671.305963
2017-09-29T00:00:00.000Z,3673.074027,3722.142495,3431.372309,3608.019236
2017-09-30T00:00:00.000Z,3608.937515,3790.235187,3572.569379,3727.82783
2017-10-01T00:00:00.000Z,3727.444393,3798.729705,3613.219858,3724.851034
2017-10-02T00:00:00.000Z,3723.861794,3779.327864,3596.608255,3646.372952
2017-10-03T00:00:00.000Z,3647.957533,3688.392116,3462.104838,3573.062032
2017-10-04T00:00:00.000Z,3574.477703,3647.329986,3435.198775,3491.665465
2017-10-05T00:00:00.000Z,3493.381474,3617.551925,3395.620347,3550.58339
2017-10-06T00:00:00.000Z,3550.920603,3660.281245,3505.800726,3586.256251
2017-10-07T00:00:00.000Z,3587.117861,3662.211415,3517.112316,3621.209906
2017-10-08T00:00:00.000Z,3613.778779,3737.895504,3471.807358,3586.775452
2017-10-09T00:00:00.000Z,3585.434385,3692.526305,3333.391172,3494.813396
2017-10-10T00:00:00.000Z,3496.093619,3688.391624,3436.360486,3572.061286
2017-10-11T00:00:00.000Z,3576.446851,3700.962817,3538.118147,3637.324065
2017-10-12T00:00:00.000Z,3640.357077,3833.331097,3507.901738,3687.842295
2017-10-13T00:00:00.000Z,3692.460841,3947.418385,3589.904836,3838.726836
2017-10-14T00:00:00.000Z,3839.310761,3987.953011,3768.98781,3895.849545
2017-10-15T00:00:00.000Z,3899.29713,3966.764067,3678.963991,3838.519864
2017-10-16T00:00:00.000Z,3841.012254,3992.956927,3729.912351,3854.026107
2017-10-17T00:00:00.000Z,3856.212053,3989.652096,3655.845319,3795.318496
2017-10-18T00:00:00.000Z,3796.852558,3846.87516,3474.551566,3741.063354
2017-10-19T00:00:00.000Z,3741.146149,3847.493017,3643.196928,3737.612791
2017-10-20T00:00:00.000Z,3737.301014,3899.246859,3635.571809,3741.069584
2017-10-21T00:00:00.000Z,3734.990843,3794.428489,3574.774571,3688.687726
2017-10-22T00:00:00.000Z,3690.493412,3776.884718,3571.088151,3669.455391
2017-10-23T00:00:00.000Z,3663.46248,3706.735632,3448.541471,3577.128307
2017-10-24T00:00:00.000Z,3573.067561,3856.004016,3434.433972,3644.795684
2017-10-25T00:00:00.000Z,3646.729635,3758.998007,3516.725177,3678.769736
2017-10-26T00:00:00.000Z,3679.649655,3783.725871,3605.819162,3683.629485
2017-10-27T00:00:00.000Z,3683.827941,3767.986095,3601.49918,3667.051501
2017-10-28T00:00:00.000Z,3673.040445,3759.757637,3592.092842,3660.486575
2017-10-29T00:00:00.000Z,3657.07504,3941.971356,3620.260583,3811.553825
2017-10-30T00:00:00.000Z,3804.597593,3895.198111,3732.107513,3813.212466
2017-10-31T00:00:00.000Z,3809.024686,3926.727143,3738.46772,3844.910709
2017-11-01T00:00:00.000Z,3829.366868,4027.956181,3787.121108,4020.614966
2017-11-02T00:00:00.000Z,4025.675544,4370.905097,4007.082076,4201.682019
2017-11-03T00:00:00.000Z,4206.895639,4441.355336,4157.46777,4288.235285
2017-11-04T00:00:00.000Z,4265.31363,4451.679138,4176.219968,4382.252054
2017-11-05T00:00:00.000Z,4395.731417,4518.907736,4347.195844,4397.291801
2017-11-06T00:00:00.000Z,4395.018043,4428.208442,4166.474943,4178.943208
2017-11-07T00:00:00.000Z,4179.038034,4318.487388,4175.930954,4251.000936
2017-11-08T00:00:00.000Z,4248.917324,4623.286497,4225.377898,4437.763204
2017-11-09T00:00:00.000Z,4430.262889,4447.655142,4234.158048,4270.177741
2017-11-10T00:00:00.000Z,4286.687969,4424.910301,3858.829567,4016.460975
2017-11-11T00:00:00.000Z,4015.796579,4228.865228,3768.165311,3926.222728
2017-11-12T00:00:00.000Z,3892.309849,4260.73239,3426.439424,3718.010431
2017-11-13T00:00:00.000Z,3708.50933,4227.433836,3595.688045,4049.989335
2017-11-14T00:00:00.000Z,4050.225398,4180.775368,3972.258745,4088.198104
2017-11-15T00:00:00.000Z,4087.259462,4497.659006,4072.317238,4460.868767
2017-11-16T00:00:00.000Z,4463.831744,4832.386028,4328.976123,4728.774905
2017-11-17T00:00:00.000Z,4719.620234,4853.814445,4545.881927,4680.40553
2017-11-18T00:00:00.000Z,4675.203476,4820.701934,4541.153384,4743.845324
2017-11-19T00:00:00.000Z,4731.21099,4927.892323,4669.231001,4870.63663
2017-11-20T00:00:00.000Z,4872.007111,5060.662825,4817.289327,4979.878884
2017-11-21T00:00:00.000Z,4981.918919,5066.741752,4709.776465,4896.867168
2017-11-22T00:00:00.000Z,4900.452771,5068.335477,4898.036462,5033.912528
2017-11-23T00:00:00.000Z,5022.008508,5112.227632,4907.615134,4975.176391
2017-11-24T00:00:00.000Z,4990.686398,5202.954174,4900.148305,5112.849538
2017-11-25T00:00:00.000Z,5104.314705,5429.145041,5055.291955,5408.737562
2017-11-26T00:00:00.000Z,5407.450321,5848.889956,5388.538162,5733.509396
2017-11-27T00:00:00.000Z,5744.047922,6018.757069,5723.186489,5995.965621
2017-11-28T00:00:00.000Z,5998.867682,6174.51914,5931.338798,6119.604475
2017-11-29T00:00:00.000Z,6129.429341,6990.436313,5806.792266,5979.0001
2017-11-30T00:00:00.000Z,5994.339178,6535.959981,5561.364249,6194.150444
2017-12-01T00:00:00.000Z,6168.486203,6668.634729,5872.194541,6595.376832
2017-12-02T00:00:00.000Z,6592.257998,6860.580425,6441.921212,6665.735274
2017-12-03T00:00:00.000Z,6673.112434,7276.102694,6479.812348,6870.799389
2017-12-04T00:00:00.000Z,6869.486243,7363.490341,6683.685863,7269.770661
2017-12-05T00:00:00.000Z,7284.510857,7770.600542,7030.072278,7520.478179
2017-12-06T00:00:00.000Z,7508.550982,8317.528192,7036.843289,7682.067445
2017-12-07T00:00:00.000Z,7688.896339,8553.063278,7082.953703,8068.583707
2017-12-08T00:00:00.000Z,8068.081511,9205.315056,7147.787081,8610.408125
2017-12-09T00:00:00.000Z,8648.102752,9133.178686,7581.626822,8204.699726
2017-12-10T00:00:00.000Z,8206.734471,8383.832613,7092.95631,7876.483011
2017-12-11T00:00:00.000Z,7861.291855,9123.595483,7830.356773,8824.106535
2017-12-12T00:00:00.000Z,8843.824089,10572.4376,8632.712017,10135.97831
2017-12-13T00:00:00.000Z,10136.3922,11023.36953,9254.676044,10182.30418
2017-12-14T00:00:00.000Z,10157.3778,11768.48487,9779.326854,11211.45919
2017-12-15T00:00:00.000Z,11218.60146,11784.54546,10011.04748,11207.50705
2017-12-16T00:00:00.000Z,11224.44229,12263.79906,10970.44469,11754.16809
2017-12-17T00:00:00.000Z,11765.15557,12854.30712,11520.51801,12217.81673
2017-12-18T00:00:00.000Z,12245.11061,14018.48522,11636.59333,13639.95949
2017-12-19T00:00:00.000Z,13646.50569,15607.84451,12846.46009,14357.36136
2017-12-20T00:00:00.000Z,14356.66207,15813.56239,12892.54884,14756.72284
2017-12-21T00:00:00.000Z,14810.58459,16596.23713,13567.71149,15003.38306
2017-12-22T00:00:00.000Z,15075.77442,15522.14489,9438.533588,12443.9474
2017-12-23T00:00:00.000Z,12637.27407,14711.54524,12310.7238,13623.85136
2017-12-24T00:00:00.000Z,13698.45003,13940.65775,11392.54101,13028.33228
2017-12-25T00:00:00.000Z,13117.53226,14246.24836,12527.56062,13612.67035
2017-12-26T00:00:00.000Z,13620.54804,14718.08114,13236.59467,14317.63903
2017-12-27T00:00:00.000Z,14304.69798,15357.46959,13478.7346,14437.69936
2017-12-28T00:00:00.000Z,14413.51273,14687.86651,12610.34522,13747.6206
2017-12-29T00:00:00.000Z,13828.28937,15882.33199,13341.95682,15375.07896
2017-12-30T00:00:00.000Z,15354.89606,16462.4368,13273.07685,14081.11744
2017-12-31T00:00:00.000Z,13817.13427,15526.93273,13506.69722,15107.16478
2018-01-01T00:00:00.000Z,15111.69048,16105.27356,14296.88455,15473.15739
2018-01-02T00:00:00.000Z,15505.61645,17643.83063,15089.87253,16902.64478
2018-01-03T00:00:00.000Z,16867.93637,19296.45025,16248.95908,18543.30095
2018-01-04T00:00:00.000Z,18605.61192,20913.50125,17337.23536,19097.85385
2018-01-05T00:00:00.000Z,19186.51668,21361.7474,17628.47643,19174.11472
2018-01-06T00:00:00.000Z,19189.56343,21136.75305,18142.0943,20142.09544
2018-01-07T00:00:00.000Z,20137.99155,22088.25126,19276.82935,20796.64008
2018-01-08T00:00:00.000Z,20800.95347,21565.69977,16437.04179,18484.77812
2018-01-09T00:00:00.000Z,18455.31372,19679.80254,17088.02795,18213.65997
2018-01-10T00:00:00.000Z,18265.735,19132.11791,16362.06056,18285.21381
2018-01-11T00:00:00.000Z,18297.74677,18896.92235,15330.34275,16430.91822
2018-01-12T00:00:00.000Z,16488.77829,18441.09589,15938.97714,17907.04062
2018-01-13T00:00:00.000Z,17926.90494,19874.34067,17572.43289,18896.45865
2018-01-14T00:00:00.000Z,18855.37669,19494.79995,16954.55416,17967.63176
2018-01-15T00:00:00.000Z,17960.48853,18990.24008,16896.59303,17345.84372
2018-01-16T00:00:00.000Z,17353.85361,17521.25661,10938.05429,13369.51081
2018-01-17T00:00:00.000Z,13322.52064,14454.7348,10082.42651,13536.28702
2018-01-18T00:00:00.000Z,13519.4751,15295.51505,12899.39115,14095.52132
2018-01-19T00:00:00.000Z,13973.37114,15046.3384,13403.91451,14196.37373
2018-01-20T00:00:00.000Z,14291.22807,16056.62671,14163.61493,15671.37303
2018-01-21T00:00:00.000Z,15692.76006,15785.04188,13349.1904,13822.31309
2018-01-22T00:00:00.000Z,13918.04707,14500.05116,11994.82263,13080.5898
2018-01-23T00:00:00.000Z,13048.33299,13656.71623,11893.58544,12957.14453
2018-01-24T00:00:00.000Z,12986.67196,13961.20348,12579.74029,13532.80721
2018-01-25T00:00:00.000Z,13650.69209,14190.92485,13134.01769,13495.91026
2018-01-26T00:00:00.000Z,13456.75473,14032.06977,12291.42349,13356.21729
2018-01-27T00:00:00.000Z,13359.15061,14042.82995,13033.09683,13719.22661
2018-01-28T00:00:00.000Z,13769.46672,14908.24499,13673.89738,14619.55297
2018-01-29T00:00:00.000Z,14611.95116,14815.10291,13686.1422,14004.85455
2018-01-30T00:00:00.000Z,14064.97132,14153.40513,12068.14201,12282.49999
2018-01-31T00:00:00.000Z,12276.00975,12953.89206,11547.49223,12596.01073
2018-02-01T00:00:00.000Z,12618.55627,12822.41402,10324.23558,10898.10774
2018-02-02T00:00:00.000Z,10872.54687,10945.03857,8033.33935,10127.58975
2018-02-03T00:00:00.000Z,10181.52506,11206.30833,9125.996067,10737.52385
2018-02-04T00:00:00.000Z,10713.16748,11047.17381,9058.802708,9424.245518
2018-02-05T00:00:00.000Z,9420.407843,9635.903446,7340.01799,7742.994224
2018-02-06T00:00:00.000Z,7836.368509,9058.505198,6481.568747,8932.47242
